<configuration>
	<showbuffersearch>false</showbuffersearch>
	<showgraphicsearch>false</showgraphicsearch>
	<sendresult>false</sendresult>
	
	<layerinfo>
		<find>
			<url>http://{serverip}/arcgis/rest/services/changsha/changsha_search_poi/MapServer</url>
			<fields>NAME</fields>
		</find>

		<uniquevaluerenderer field="layerName">
			<picturemarkersymbol url="assets/images/i_pushpin_centered.png" />
			
			<uniquevalueinfo value="主干道">
				<simplelinesymbol color="0x3E6FBC" width="2" />
			</uniquevalueinfo>
			
			<uniquevalueinfo value="次干道">
				<simplelinesymbol color="0x3E6FBC" width="2" />
			</uniquevalueinfo>
			
			<uniquevalueinfo value="支路">
				<simplelinesymbol color="0x3E6FBC" width="2" />
			</uniquevalueinfo>
		</uniquevaluerenderer>

		<popups>
			<popup layername="default">
				<title>{NAME}</title>
				<fields>
					<field name="NAME" />
				</fields>
				<showzoomtobutton>false</showzoomtobutton>
			</popup>
		</popups>
	</layerinfo>
</configuration>