<?xml version="1.0" ?>
<configuration>
	<type>od</type>
	<!-- 组件打开时通知页面 -->
	<widgetrunnotify>onODOverlayRun</widgetrunnotify>
	<!-- 组件关闭时通知页面 -->
	<widgetclosenotify>onODOverlayClose</widgetclosenotify>
	
	<popup>
		<fields>
			<field name="flowRate" alias="流量" visible="true"/>
		</fields>
		<showzoomtobutton>false</showzoomtobutton>
	</popup>
	
	<classbreaksrenderer field="flowRate">
		<simplelinesymbol style="solid" color="0xb0b0b0" alpha="1" width="3"/>
		
		<classbreakinfo min="0" max="10">
			<simplelinesymbol style="solid" color="0x84a183" alpha="1" width="1"/>
		</classbreakinfo>
		
		<classbreakinfo min="10.000001" max="20">
			<simplelinesymbol style="solid" color="0x234920" alpha="1" width="2"/>
		</classbreakinfo>
		
		<classbreakinfo min="20.000001" max="40">
			<simplelinesymbol style="solid" color="0xf8aa3d" alpha="1" width="3"/>
		</classbreakinfo>
		
		<classbreakinfo min="40.000001" max="80">
			<simplelinesymbol style="solid" color="0xf8810d" alpha="1" width="4"/>
		</classbreakinfo>
		
		<classbreakinfo min="80.000001" max="160">
			<simplelinesymbol style="solid" color="0xf6830e" alpha="1" width="5"/>
		</classbreakinfo>
		
		<classbreakinfo min="160.000001" max="320">
			<simplelinesymbol style="solid" color="0xfe0501" alpha="1" width="6"/>
		</classbreakinfo>
		
		<classbreakinfo min="320.000001" max="640">
			<simplelinesymbol style="solid" color="0xff0101" alpha="1" width="7"/>
		</classbreakinfo>
		
		<classbreakinfo min="640.000001" max="100000">
			<simplelinesymbol style="solid" color="0xfe0000" alpha="1" width="8"/>
		</classbreakinfo>
	</classbreaksrenderer>
</configuration>