<?xml version="1.0" ?>
<configuration>
	<!-- 组件打开时通知页面 -->
	<widgetrunnotify>onGuardJobWidgetRun</widgetrunnotify>
	<!-- 组件关闭时通知页面 -->
	<widgetclosenotify>onGuardJobWidgetClose</widgetclosenotify>
	
	<!-- 是否显示面板，只显示任务的话不用显示面板 -->
	<showpanel>false</showpanel>
	
	<uniquevaluerenderer field="layerName">
		<picturemarkersymbol url="assets/images/i_pushpin_centered.png" />
			
		<uniquevalueinfo value="地磁">
			<picturemarkersymbol url="assets/images/mapIcons/DuanMian-blue.png" yoffset="13" />
		</uniquevalueinfo>
		
		<uniquevalueinfo value="天网">
			<picturemarkersymbol url="assets/images/mapIcons/SheXiangJi-blue.png" yoffset="13" />
		</uniquevalueinfo>
			
		<uniquevalueinfo value="信号机">
			<picturemarkersymbol url="assets/images/mapIcons/XinHaoJi-blue.png" yoffset="13" />
		</uniquevalueinfo>
			
		<uniquevalueinfo value="摄像机">
			<picturemarkersymbol url="assets/images/mapIcons/SheXiangJi-blue.png" yoffset="13" />
		</uniquevalueinfo>
		
		<uniquevalueinfo value="电子警察">
			<picturemarkersymbol url="assets/images/mapIcons/DianZiJingCha-blue.png" yoffset="13" />
		</uniquevalueinfo>
			
		<uniquevalueinfo value="policeSentry">
			<picturemarkersymbol url="assets/images/mapIcons/GangDian-blue.png" yoffset="13" />
		</uniquevalueinfo>
			
		<uniquevalueinfo value="警车">
			<picturemarkersymbol url="assets/images/mapIcons/JingChe-blue.png" yoffset="13" />
		</uniquevalueinfo>
	</uniquevaluerenderer>
	
	<!-- 页面回传任务关联设备时的popup配置 -->
	<showdevicepopups>
		<popup layername="default">
			<title>{DESC}</title>
			<idfieldname>DEVICEID</idfieldname>
			<fields>
				<field name="DESC" />
			</fields>
			<showzoomtobutton>false</showzoomtobutton>
		</popup>
		
		<popup layername="信号机">
			<title>{desc}</title>
			<idfieldname>id</idfieldname>
			<fields>
				<field name="desc" />
				<field name="id" alias="编号" visible="true" />
			</fields>
			<showzoomtobutton>false</showzoomtobutton>
			<buttons>
				<button label="详细信息" action="openDevice" type="XHJ" idfield="id" />
			</buttons>
		</popup>
		
		<popup layername="摄像机">
			<title>{desc}</title>
			<idfieldname>id</idfieldname>
			<fields>
				<field name="desc" />
				<field name="id" alias="编号" visible="true" />
			</fields>
			<showzoomtobutton>false</showzoomtobutton>
			<buttons>
				<button label="详细信息" action="openDevice" type="SXJ" idfield="id" />
			</buttons>
		</popup>
		
		<popup layername="电子警察">
			<title>{desc}</title>
			<idfieldname>id</idfieldname>
			<fields>
				<field name="desc" />
				<field name="id" alias="编号" visible="true" />
			</fields>
			<showzoomtobutton>false</showzoomtobutton>
			<buttons>
				<button label="过车信息" action="openDevice" type="DZJC" idfield="id" />
				<button label="视频播放" action="openDevice" type="DZJC-SXJ" idfield="id" />
			</buttons>
		</popup>
		
		<popup layername="policeSentry">
			<title>{desc}</title>
			<idfieldname>id</idfieldname>
			<fields>
				<field name="desc" />
				<field name="id" alias="编号" visible="true" />
				<field name="policeList" alias="执勤警员" visible="true"/>
			</fields>
			<showzoomtobutton>false</showzoomtobutton>
		</popup>
		
		<popup layername="警车">
			<title>{plateNo}</title>
			<idfieldname>carphoneCode</idfieldname>
			<fields>
				<field name="plateNo" alias="车牌号" visible="false"/>
				<field name="carphoneCode" alias="车台编号" visible="false"/>
			</fields>
			<showzoomtobutton>false</showzoomtobutton>
		</popup>
	</showdevicepopups>
</configuration>