<?xml version="1.0" ?>
<configuration>
	<style>
		<!--textColor,backgroundColor,rolloverColor,selectionColor,titleColor -->
		<colors>0x000000,0xFFFFFF,0xDDDDDD,0x3E6FBC,0x3E6FBC</colors>
		<navigationcolors>0xFFFFFF,0x3E6FBC,0xDDDDDD,0x3E6FBC,0xFFFFFF</navigationcolors>
		<alpha>0.8</alpha>
		<font name="微软雅黑" size="14" />
	</style>

	<arcgisserverip>jiaotong.seisys.cn:8399</arcgisserverip>

	<geometryservice url="http://{serverip}/arcgis/rest/services/Geometry/GeometryServer" />

	<!-- UI elements -->
	<widget left="10" top="10" 
				  config="widgets/Navigation/NavigationWidget.xml"
		    	  url="widgets/Navigation/NavigationWidget.swf" />
		    
<!-- 	<widget left="3" bottom="3" -->
<!-- 			config="widgets/Coordinate/CoordinateWidget.xml"  -->
<!-- 			url="widgets/Coordinate/CoordinateWidget.swf" /> -->

	<map top="0" initialextent="120.1464 31.5002 120.4338 31.6398"
		 	  scalebarvisible="false" esrilogovisible="false">
		<basemaps>
			<layer label="基础图层" type="tiled" visible="true"
				  	   url="http://{serverip}/arcgis/rest/services/wuxi/wx_base_PGIS_new_93/MapServer" />
		</basemaps>
		<operationallayers>
			<layer label="注记图层" type="dynamic" visible="true" 
				   	  url="http://{serverip}/arcgis/rest/services/wuxi/wx_anno_PGIS_93/MapServer"/>
		</operationallayers>
	</map>

	<!-- widgets organized into widget containers that manage close/open etc -->
	<!-- supported layout property options: horizontal(default)|float|vertical|fix -->
	<widgetcontainer layout="fix">
		<widget label="周边搜索"  preload="open"
					  config="widgets/MultiLayerSearch/WuXi/BackgroundMultiLayerSearchWidget-roadAndCross.xml"
					  url="widgets/MultiLayerSearch/BackgroundMultiLayerSearchWidget.swf"/>
		
		<widget label="新增要素工具栏" preload="open" left="80" top="10"
					  config="widgets/EditorToolbar/WuXi/AddNewGeometryToolbarWidget.xml"
					  url="widgets/EditorToolbar/AddNewGeometryToolbarWidget.swf"/>
		
		<widget label="编辑工具栏" left="250" top="10"
					  url="widgets/EditorToolbar/EditorToolbarWidget.swf"/>
					  
		<widget label="Device" preload="open"
					  config="widgets/Overlay/WuXi/PointOverlayByPageWidget.xml" 
					  url="widgets/Overlay/PointOverlayByPageWidget.swf" />
	</widgetcontainer>
	
	<widgetcontainer layout="horizontal">
		<widget label="搜索" preload="minimized" 
					  icon="assets/images/i_search.png"
					  config="widgets/MultiLayerSearch/WuXi/MultiLayerSearchWidget-poi.xml"
					  url="widgets/MultiLayerSearch/MultiLayerSearchWidget.swf"/>
	</widgetcontainer>
</configuration>