<?xml version="1.0" ?>
<configuration>
	<style>
		<!--textColor,backgroundColor,rolloverColor,selectionColor,titleColor -->
		<colors>0x000000,0xFFFFFF,0xDDDDDD,0x3E6FBC,0x3E6FBC</colors>
		<navigationcolors>0xFFFFFF,0x3E6FBC,0xDDDDDD,0x3E6FBC,0xFFFFFF</navigationcolors>
		<alpha>0.8</alpha>
		<font name="微软雅黑" size="14" />
	</style>

	<arcgisserverip>jiaotong.seisys.cn:8399</arcgisserverip>

	<geometryservice url="http://{serverip}/arcgis/rest/services/Geometry/GeometryServer" />

	<!-- UI elements -->
	<widget left="10" top="10" 
				  config="widgets/Navigation/NavigationWidget.xml"
		    	  url="widgets/Navigation/NavigationWidget.swf" />
		    
<!-- 	<widget left="3" bottom="3" -->
<!-- 			config="widgets/Coordinate/CoordinateWidget.xml"  -->
<!-- 			url="widgets/Coordinate/CoordinateWidget.swf" /> -->

	<map top="0" initialextent="120.1464 31.5002 120.4338 31.6398"
		 	  scalebarvisible="false" esrilogovisible="false">
		<basemaps>
			<layer label="基础图层" type="tiled" visible="true"
				url="http://{serverip}/arcgis/rest/services/wuxi/wx_base_PGIS_new_93/MapServer" />
		</basemaps>
		<operationallayers>
			<layer label="注记图层" type="dynamic" visible="true" 
				url="http://{serverip}/arcgis/rest/services/wuxi/wx_anno_PGIS_93/MapServer"/>
			
			<layer label="地面监控" type="feature" visible="false" 
				url="http://{serverip}/arcgis/rest/services/wuxi/wx_device_edit/MapServer/0"
				popupconfig="popups/WuXi/PopUp-dmjk.xml">
				<simplerenderer>
					<picturemarkersymbol url="assets/images/mapIcons/SheXiangJi-blue.png" yoffset="13" />
				</simplerenderer>	
			</layer>
			
			<layer label="信号灯" type="feature" visible="false" 
				url="http://{serverip}/arcgis/rest/services/wuxi/wx_device_edit/MapServer/1"
				popupconfig="popups/WuXi/PopUp-xhd.xml">
				<simplerenderer>
					<picturemarkersymbol url="assets/images/mapIcons/XinHaoDeng-green.png" yoffset="13" />
				</simplerenderer>	
			</layer>
			
			<layer label="流量检测器" type="feature" visible="false" 
				url="http://{serverip}/arcgis/rest/services/wuxi/wx_device_edit/MapServer/2"
				popupconfig="popups/WuXi/PopUp-lljcq.xml">
				<simplerenderer>
					<picturemarkersymbol url="assets/images/mapIcons/DuanMian-blue.png" yoffset="13" />
				</simplerenderer>	
			</layer>
			
			<layer label="卡口" type="feature" visible="false" 
				url="http://{serverip}/arcgis/rest/services/wuxi/wx_device_edit/MapServer/3"
				popupconfig="popups/WuXi/PopUp-kk.xml">
				<simplerenderer>
					<picturemarkersymbol url="assets/images/mapIcons/KaKou-blue.png" yoffset="13" />
				</simplerenderer>	
			</layer>
			
			<layer label="信号机" type="feature" visible="false" 
				url="http://{serverip}/arcgis/rest/services/wuxi/wx_device_edit/MapServer/4"
				popupconfig="popups/WuXi/PopUp-xhj.xml">
				<simplerenderer>
					<picturemarkersymbol url="assets/images/mapIcons/XinHaoJi-blue.png" yoffset="13" />
				</simplerenderer>	
			</layer>
			
			<layer label="监控" type="feature" visible="false" 
				url="http://{serverip}/arcgis/rest/services/wuxi/wx_device_edit/MapServer/5"
				popupconfig="popups/WuXi/PopUp-jk.xml">
				<simplerenderer>
					<picturemarkersymbol url="assets/images/mapIcons/SheXiangJi-KeKong-blue.png" yoffset="13" />
				</simplerenderer>	
			</layer>
			
			<layer label="情报板" type="feature" visible="false" 
				url="http://{serverip}/arcgis/rest/services/wuxi/wx_device_edit/MapServer/6"
				popupconfig="popups/WuXi/PopUp-qbb.xml">
				<simplerenderer>
					<picturemarkersymbol url="assets/images/mapIcons/QingBaoBan-blue.png" yoffset="13" />
				</simplerenderer>	
			</layer>
			
			<layer label="电子警察" type="feature" visible="false" 
				url="http://{serverip}/arcgis/rest/services/wuxi/wx_device_edit/MapServer/7"
				popupconfig="popups/WuXi/PopUp-dzjc.xml">
				<simplerenderer>
					<picturemarkersymbol url="assets/images/mapIcons/DianZiJingCha-blue.png" yoffset="13" />
				</simplerenderer>	
			</layer>
			
			<layer label="路口" type="feature" visible="false" 
				url="http://{serverip}/arcgis/rest/services/wuxi/wx_device_edit/MapServer/8"
				popupconfig="popups/WuXi/PopUp-lk.xml">
				<simplerenderer>
					<simplemarkersymbol style="circle" color="0xFF0000" size="10"/>
				</simplerenderer>	
			</layer>
		</operationallayers>
	</map>

	<!-- widgets organized into widget containers that manage close/open etc -->
	<!-- supported layout property options: horizontal(default)|float|vertical|fix -->
	<widgetcontainer layout="fix">
		<widget label="周边搜索"  preload="open"
			config="widgets/MultiLayerSearch/WuXi/BackgroundMultiLayerSearchWidget-roadAndCross.xml"
			url="widgets/MultiLayerSearch/BackgroundMultiLayerSearchWidget.swf"/>
		
		<widget label="新增要素工具栏" preload="open" left="80" top="10"
			config="widgets/EditorToolbar/WuXi/AddNewGeometryToolbarWidget.xml"
			url="widgets/EditorToolbar/AddNewGeometryToolbarWidget.swf"/>
		
		<widget label="编辑工具栏" left="250" top="10"
			url="widgets/EditorToolbar/EditorToolbarWidget.swf"/>
					  
		<widget label="Device" preload="open"
			config="widgets/Overlay/WuXi/PointOverlayByPageWidget.xml" 
			url="widgets/Overlay/PointOverlayByPageWidget.swf" />
			
		<widget label="图层过滤" preload="open" 
			url="widgets/LayerSymbolFilter/LayerSymbolFilterWidget.swf"/>
		
		<widget label="设备定位"  preload="open"
			config="widgets/GetDeviceCoordinate/WuXi/GetDeviceCoordinateWidget.xml" 
			url="widgets/GetDeviceCoordinate/GetDeviceCoordinateWidget.swf"/>
	</widgetcontainer>
	
	<widgetcontainer layout="horizontal">
		<widget label="搜索" preload="minimized" 
			icon="assets/images/i_search.png"
			config="widgets/MultiLayerSearch/WuXi/MultiLayerSearchWidget-poi.xml"
			url="widgets/MultiLayerSearch/MultiLayerSearchWidget.swf"/>
	</widgetcontainer>
</configuration>