<?xml version="1.0" ?>
<configuration>
	<title>{违法抓拍.pos}</title>
	<fields>
		<field name="违法抓拍.pos" />
		<field name="违法抓拍.desc_" alias="位置" visible="true" />
		<field name="违法抓拍.fx" alias="方向" visible="true" />
		<field name="违法抓拍.deviceid" alias="编号" visible="true" />
		<field name="违法抓拍.func" alias="功能" visible="true" />
	</fields>
	<showzoomtobutton>false</showzoomtobutton>
	<buttons>
		<button label="详细信息" action="openDevice" type="DZJC" idfield="违法抓拍.deviceid" />
	</buttons>
</configuration>
