<?xml version="1.0" ?>
<!-- 首页的地图 -->
<configuration>
	<style>
		<!--textColor,backgroundColor,rolloverColor,selectionColor,titleColor -->
		<colors>0x000000,0xFFFFFF,0xDDDDDD,0x3E6FBC,0x3E6FBC</colors>
		<navigationcolors>0xFFFFFF,0x3E6FBC,0xDDDDDD,0x3E6FBC,0xFFFFFF</navigationcolors>
		<alpha>0.8</alpha>
		<font name="微软雅黑" size="14" />
	</style>

	<arcgisserverip>128.64.151.12:8399</arcgisserverip>

	<geometryservice
		url="http://{serverip}/arcgis/rest/services/Geometry/GeometryServer" />

	<!-- UI elements -->
	<widget left="10" top="10" config="widgets/Navigation/NavigationWidget.xml"
		url="widgets/Navigation/NavigationWidget.swf" />

<!-- 	<widget left="3" bottom="3" -->
<!-- 		config="widgets/Coordinate/CoordinateWidget.xml" url="widgets/Coordinate/CoordinateWidget.swf" /> -->

	<map top="0" center="112.9894 28.185" scale="96000"
		scalebarvisible="false" esrilogovisible="false">
		<basemaps>
			<layer label="矢量图" type="tiled" visible="true"
				url="http://{serverip}/arcgis/rest/services/changsha/changsha_base_GHY/MapServer" />
			<layer label="航拍图" type="tiled" visible="false"
				url="http://{serverip}/arcgis/rest/services/changsha/changsha_aerial/MapServer" />
			<layer label="卫星图" type="tiled" visible="false"
				url="http://{serverip}/arcgis/rest/services/changsha/changsha_satellite/MapServer" />
		</basemaps>
		<operationallayers>
			
		</operationallayers>
	</map>

	<!-- widgets organized into widget containers that manage close/open etc -->
	<!-- supported layout property options: horizontal(default)|float|vertical|fix -->
	<widgetcontainer layout="fix">
		<widget label="PoliceOverlay"  preload="open"
				config="widgets/Overlay/ChangSha/PointOverlayWidget-police.xml" 
				url="widgets/Overlay/PointOverlayWidget.swf" />

		<widget label="GetDeviceCoordinate" preload="open"
				config="widgets/GetDeviceCoordinate/ChangSha/GetDeviceCoordinateWidget.xml"
				url="widgets/GetDeviceCoordinate/GetDeviceCoordinateWidget.swf"/>
		
		<widget label="KKAlertOverlay"  preload="open"
				config="widgets/Overlay/ChangSha/PointOverlayWidget-kkAlert.xml"
				url="widgets/Overlay/PointOverlayWidget.swf" />
		
		<widget label="一级路口Overlay"  preload="open"
				config="widgets/Overlay/ChangSha/PointOverlayWidget-1stLuKou.xml"
				url="widgets/Overlay/PointOverlayWidget.swf" />
				
		<widget label="二级路口Overlay"  preload="open"
				config="widgets/Overlay/ChangSha/PointOverlayWidget-2ndLuKou.xml"
				url="widgets/Overlay/PointOverlayWidget.swf" />
		
		<widget label="drawBuffer" preload="open" 
				config="widgets/Overlay/PuTuo/BufferPolygonOverWidget.xml"
				url="widgets/Overlay/BufferPolygonOverlayWidget.swf"/>
			
		<widget label="周边搜索" preload="open"
				icon="assets/images/i_search.png"
				config="widgets/MultiLayerSearch/ChangSha/BackgroundMultiLayerSearchWidget-police.xml"
				url="widgets/MultiLayerSearch/BackgroundMultiLayerSearchWidget.swf"/>
	</widgetcontainer>
	
	<widgetcontainer layout="vertical">
		<widget label="底图切换" preload="open"
				config="widgets\MapSwitcher\MapSwitcherWidget.xml"
				url="widgets\MapSwitcher\MapSwitcherWidget.swf"/>
	</widgetcontainer>
</configuration>