<?xml version="1.0" ?>
<configuration>
	<menu>
		<itemgroup label="设备图层">
			<item label="摄像机">
				<clickfunctions>
					<clickfunction name="ChangeOverlayVisible">
						<params>
							<param name="WidgetName" value="摄像机Overlay"/>
							<param name="OverlayType" value="SheXiangJi" />
						</params>
					</clickfunction>
				</clickfunctions>
			</item>
			
			<item label="诱导板">
				<clickfunctions>
					<clickfunction name="ChangeOverlayVisible">
						<params>
							<param name="WidgetName" value="诱导板Overlay"/>
							<param name="OverlayType" value="QingBaoBan" />
						</params>
					</clickfunction>
				</clickfunctions>
			</item>
			
			<item label="能见度仪">
				<clickfunctions>
					<clickfunction name="ChangeOverlayVisible">
						<params>
							<param name="WidgetName" value="能见度仪Overlay"/>
							<param name="OverlayType" value="NengJianDuYi" />
						</params>
					</clickfunction>
				</clickfunctions>
			</item>
			
			<item label="气象站">
				<clickfunctions>
					<clickfunction name="ChangeOverlayVisible">
						<params>
							<param name="WidgetName" value="气象站Overlay"/>
							<param name="OverlayType" value="QiXiangZhan"/>
						</params>
					</clickfunction>
				</clickfunctions>
			</item>
			
			<item label="事件检测">
				<clickfunctions>
					<clickfunction name="ChangeOverlayVisible">
						<params>
							<param name="WidgetName" value="事件检测Overlay"/>
							<param name="OverlayType" value="SJJC" />
						</params>
					</clickfunction>
				</clickfunctions>
			</item>
			
			<item label="卡口">
				<clickfunctions>
					<clickfunction name="ChangeLayer">
						<params>
							<param name="ServiceName" value="卡口"/>
						</params>
					</clickfunction>
				</clickfunctions>
			</item>
			
			<item label="电子警察">
				<clickfunctions>
					<clickfunction name="ChangeLayer">
						<params>
							<param name="ServiceName" value="电子警察" />
						</params>
					</clickfunction>
				</clickfunctions>
			</item>
			
			<item label="车检器">
				<clickfunctions>
					<clickfunction name="ChangeOverlayVisible">
						<params>
							<param name="WidgetName" value="车检器Overlay"/>
							<param name="OverlayType" value="CheJianQi" />
						</params>
					</clickfunction>
				</clickfunctions>
			</item>
		</itemgroup>
		
		<itemgroup label="业务图层">
			<item label="发布段" initenable="true">
				<clickfunctions>
					<clickfunction name="ChangeLayer">
						<params>
							<param name="ServiceName" value="发布段" />
						</params>
					</clickfunction>
				</clickfunctions>
			</item>
			
			<item label="警员信息">
				<clickfunctions>
					<clickfunction name="ChangeOverlayVisible">
						<params>
							<param name="WidgetName" value="警员Overlay"/>
							<param name="OverlayType" value="police" />
						</params>
					</clickfunction>
				</clickfunctions>
			</item>
			
			<item label="警车信息">
				<clickfunctions>
					<clickfunction name="ChangeOverlayVisible">
						<params>
							<param name="WidgetName" value="警车Overlay"/>
							<param name="OverlayType" value="policeCar" />
						</params>
					</clickfunction>
				</clickfunctions>
			</item>
			
			<item label="警情信息">
				<clickfunctions>
					<clickfunction name="ChangeOverlayVisible">
						<params>
							<param name="WidgetName" value="警情Overlay"/>
							<param name="OverlayType" value="JingQing" />
						</params>
					</clickfunction>
				</clickfunctions>
			</item>
			
			<item label="岗点">
				<clickfunctions>
					<clickfunction name="ChangeOverlayVisible">
						<params>
							<param name="WidgetName" value="岗点Overlay"/>
							<param name="OverlayType" value="policeSentry" />
						</params>
					</clickfunction>
				</clickfunctions>
			</item>
		</itemgroup>
		
		<itemgroup label="功能">
			<item label="测距">
				<clickfunctions>
					<clickfunction name="ChangeWidget">
						<params>
							<param name="WidgetName" value="测距" />
						</params>
					</clickfunction>
				</clickfunctions>
			</item>
			
			<item label="搜索" initenable="true">
				<clickfunctions>
					<clickfunction name="ChangeWidget">
						<params>
							<param name="WidgetName" value="搜索"/>
						</params>
					</clickfunction>
				</clickfunctions>
			</item>
		</itemgroup>
	</menu>
</configuration>