<?xml version="1.0" ?>
<!-- 设施设备 -->
<configuration>
	<menu>
		<itemgroup label="设备">
			<item label="电子警察">
				<clickfunctions>
					<clickfunction name="ChangeLayer">
						<params>
							<param name="ServiceName" value="电子警察" />
						</params>
					</clickfunction>
				</clickfunctions>
			</item>
			
			<item label="卡口">
				<clickfunctions>
					<clickfunction name="ChangeLayer">
						<params>
							<param name="ServiceName" value="卡口" />
						</params>
					</clickfunction>
				</clickfunctions>
			</item>
			
			<item label="信号灯">
				<clickfunctions>
					<clickfunction name="ChangeLayer">
						<params>
							<param name="ServiceName" value="信号灯" />
						</params>
					</clickfunction>
				</clickfunctions>
			</item>
			
			<item label="信号机">
				<clickfunctions>
					<clickfunction name="ChangeLayer">
						<params>
							<param name="ServiceName" value="信号机" />
						</params>
					</clickfunction>
				</clickfunctions>
			</item>
			
			<item label="诱导板">
				<clickfunctions>
					<clickfunction name="ChangeLayer">
						<params>
							<param name="ServiceName" value="诱导板" />
						</params>
					</clickfunction>
				</clickfunctions>
			</item>
			
			<item label="车检器">
				<clickfunctions>
					<clickfunction name="ChangeLayer">
						<params>
							<param name="ServiceName" value="车检器" />
						</params>
					</clickfunction>
				</clickfunctions>
			</item>
			
			<item label="能见度仪">
				<clickfunctions>
					<clickfunction name="ChangeLayer">
						<params>
							<param name="ServiceName" value="能见度仪" />
						</params>
					</clickfunction>
				</clickfunctions>
			</item>
			
			<item label="气象站">
				<clickfunctions>
					<clickfunction name="ChangeLayer">
						<params>
							<param name="ServiceName" value="气象站" />
						</params>
					</clickfunction>
				</clickfunctions>
			</item>
			
			<item label="视频车检器">
				<clickfunctions>
					<clickfunction name="ChangeLayer">
						<params>
							<param name="ServiceName" value="视频车检器" />
						</params>
					</clickfunction>
				</clickfunctions>
			</item>
			
			<item label="摄像机">
				<clickfunctions>
					<clickfunction name="ChangeLayer">
						<params>
							<param name="ServiceName" value="摄像机" />
						</params>
					</clickfunction>
				</clickfunctions>
			</item>
		</itemgroup>
		
		<itemgroup label="设施">
			<item label="公交车站">
				<clickfunctions>
					<clickfunction name="ChangeLayer">
						<params>
							<param name="ServiceName" value="公交车站" />
						</params>
					</clickfunction>
				</clickfunctions>
			</item>
			
			<item label="路灯">
				<clickfunctions>
					<clickfunction name="ChangeLayer">
						<params>
							<param name="ServiceName" value="海量点" />
							<param name="LayerId" value="0"/>
						</params>
					</clickfunction>
				</clickfunctions>
			</item>
			
			<item label="龙门架">
				<clickfunctions>
					<clickfunction name="ChangeLayer">
						<params>
							<param name="ServiceName" value="海量点" />
							<param name="LayerId" value="14"/>
						</params>
					</clickfunction>
				</clickfunctions>
			</item>
			
			<item label="交通标志">
				<clickfunctions>
					<clickfunction name="ChangeLayer">
						<params>
							<param name="ServiceName" value="海量点" />
							<param name="LayerId" value="1"/>
						</params>
					</clickfunction>
					<clickfunction name="ChangeLayer">
						<params>
							<param name="ServiceName" value="海量点" />
							<param name="LayerId" value="15"/>
						</params>
					</clickfunction>
				</clickfunctions>
			</item>
		</itemgroup>
	</menu>
</configuration>