<?xml version="1.0" ?>
<!-- 社会视频 -->
<configuration>
	<title>{COMPANY}</title>
	<fields>
		<field name="COMPANY" />
		<field name="ADDRESS" alias="地址" visible="true" />
		<field name="ADD_JDMC" alias="街道" visible="true" />
		<field name="ADD_PCSMC" alias="派出所" visible="true" />
		<field name="PERSON" alias="监控人员" visible="true"/>
		<field name="TEL" alias="联系电话" visible="true"/>
	</fields>
	<showzoomtobutton>false</showzoomtobutton>
</configuration>
