<?xml version="1.0" ?>
<!-- 居委会 -->
<configuration>
	<title>{MC}</title>
	<fields>
		<field name="MC" />
		<field name="DM" />
		<field name="DZ" alias="地址" visible="true" />
		<field name="GXFW" alias="范围" visible="true" />
		<field name="ADD_JDMC" alias="街道" visible="true" />
		<field name="ADD_PCSMC" alias="派出所" visible="true" />
	</fields>
	<showzoomtobutton>false</showzoomtobutton>
	<buttons>
		<button label="显示区域" action="showRegion" type="居委会" idfield="DM" />
	</buttons>
</configuration>
