<?xml version="1.0" ?>
<!-- 市场 -->
<configuration>
	<title>{MC}</title>
	<fields>
		<field name="SCMC" />
		<field name="MARKET_ID"/>
		<field name="SCDZ" alias="地址" visible="true" />
		<field name="ADD_JDMC" alias="街道" visible="true" />
		<field name="ADD_PCSMC" alias="派出所" visible="true" />
	</fields>
	<showzoomtobutton>false</showzoomtobutton>
	<buttons>
		<button label="详细信息" action="showDevice" type="2" idfield="MARKET_ID" />
	</buttons>
</configuration>
