<?xml version="1.0" ?>
<!-- 马鞍山 -->
<configuration>
	<style>
		<!--textColor,backgroundColor,rolloverColor,selectionColor,titleColor -->
		<colors>0x000000,0xFFFFFF,0xDDDDDD,0x3E6FBC,0x3E6FBC</colors>
		<navigationcolors>0xFFFFFF,0x3E6FBC,0xDDDDDD,0x3E6FBC,0xFFFFFF</navigationcolors>
		<alpha>0.8</alpha>
		<font name="微软雅黑" size="14" />
	</style>
	
	<arcgisserverip>128.64.25.224:6080</arcgisserverip>
	
	<geometryservice url="http://{serverip}/arcgis/rest/services/Utilities/Geometry/GeometryServer" />

	<!-- UI elements -->
	<widget left="10" top="10" 
				  config="widgets/Navigation/NavigationWidget.xml"
				  url="widgets/Navigation/NavigationWidget.swf" />
	
	<widget left="3" bottom="3"
				  config="widgets/Coordinate/CoordinateWidget.xml" 
				  url="widgets/Coordinate/CoordinateWidget.swf" />

	<map top="0" scale="48000" center="118.505087 31.681577"
		 	  scalebarvisible="false" esrilogovisible="false"
		 	  doubleclickzoomenabled="true">
		<basemaps>
			<layer label="基础图层" type="tiled" visible="true" 
					  url="http://{serverip}/arcgis/rest/services/maanshan/maanshan_base/MapServer" />
		</basemaps>
		<operationallayers>
			<layer label="信号机" type="feature" visible="false" autorefresh="0"
				   url="http://{serverip}/arcgis/rest/services/maanshan/maanshan_device/MapServer/0"
				   popupconfig="popups/WuHu/PopUp-XHJ.xml">

				<uniquevaluerenderer field="STATE">
					<defaultlabel>未知</defaultlabel>
					<picturemarkersymbol url="assets/images/mapIcons/XinHaoJi-blue.png" yoffset="13" />

					<uniquevalueinfo value="connect" label="连接">
						<picturemarkersymbol url="assets/images/mapIcons/XinHaoJi-blue.png" yoffset="13" />
					</uniquevalueinfo>

					<uniquevalueinfo value="disconnect" label="中断">
						<picturemarkersymbol url="assets/images/mapIcons/XinHaoJi-red.png" yoffset="13" />
					</uniquevalueinfo>

					<uniquevalueinfo value="malfunction" label="异常">
						<picturemarkersymbol url="assets/images/mapIcons/XinHaoJi-yellow.png" yoffset="13" />
					</uniquevalueinfo>
				</uniquevaluerenderer>
			</layer>
			
			<layer label="摄像机" type="feature" visible="false" autorefresh="0"
				   url="http://{serverip}/arcgis/rest/services/maanshan/maanshan_device/MapServer/1"
				   popupconfig="popups/WuHu/PopUp-XHJ.xml">

				<uniquevaluerenderer field="STATE">
					<defaultlabel>未知</defaultlabel>
					<picturemarkersymbol url="assets/images/mapIcons/SheXiangJi-blue.png" yoffset="13" />

					<uniquevalueinfo value="connect" label="连接">
						<picturemarkersymbol url="assets/images/mapIcons/SheXiangJi-blue.png" yoffset="13" />
					</uniquevalueinfo>

					<uniquevalueinfo value="disconnect" label="中断">
						<picturemarkersymbol url="assets/images/mapIcons/SheXiangJi-red.png" yoffset="13" />
					</uniquevalueinfo>

					<uniquevalueinfo value="malfunction" label="异常">
						<picturemarkersymbol url="assets/images/mapIcons/SheXiangJi-yellow.png" yoffset="13" />
					</uniquevalueinfo>
				</uniquevaluerenderer>
			</layer>
		</operationallayers>
	</map>

	<!-- widgets organized into widget containers that manage close/open etc -->
	<!-- supported layout property options: horizontal(default)|float|vertical|fix -->
	<widgetcontainer layout="fix">
		<widget label="ControlPanel" preload="open" right="20" bottom="20"
				config="widgets/ControlPanel/MaAnShan/IconControlPanelWidget-main.xml"
				url="widgets/ControlPanel/IconControlPanelWidget.swf" />
	</widgetcontainer>
</configuration>