<?xml version="1.0" ?>
<configuration>
	<style>
		<!--textColor,backgroundColor,rolloverColor,selectionColor,titleColor -->
		<colors>0x000000,0xFFFFFF,0xDDDDDD,0x3E6FBC,0x3E6FBC</colors>
		<navigationcolors>0xFFFFFF,0x3E6FBC,0xDDDDDD,0x3E6FBC,0xFFFFFF</navigationcolors>
		<alpha>0.8</alpha>
		<font name="微软雅黑" size="14" />
	</style>

	<arcgisserverip>128.64.151.12:8399</arcgisserverip>
	
	<geometryservice
		url="http://{serverip}/arcgis/rest/services/Utilities/Geometry/GeometryServer" />

	<!-- UI elements -->
	<widget left="10" top="10" config="widgets/Navigation/NavigationWidget.xml"
		url="widgets/Navigation/NavigationWidget.swf" />

	<map top="0" center="-4112.448 8617.754" scale="96000"
		 scalebarvisible="false" esrilogovisible="false"
		 doubleclickzoomenabled="true">
		<basemaps>
			<layer label="基础图层" type="tiled" visible="true"
				   url="http://{serverip}/arcgis/rest/services/ChangZhou/ChangZhou_base/MapServer" />
		</basemaps>
		<operationallayers>
			<layer label="发布段" type="dynamic" visible="true"
				   url="http://{serverip}/arcgis/rest/services/ChangZhou/ChangZhou_fbd/MapServer">
				<sublayer id="10" popupconfig="popups/ChangZhou/Popup-fbd.xml"/>	   
			</layer>
			
			<layer label="固定摄像机" type="feature" visible="false" 
				url="http://{serverip}/arcgis/rest/services/ChangZhou/ChangZhou_device/FeatureServer/0" 
				popupconfig="popups/ChangZhou/PopUp-sxj-fixed.xml">
				
				<uniquevaluerenderer field="STATE">
					<defaultlabel>未知</defaultlabel>
					<picturemarkersymbol url="assets/images/mapIcons/SheXiangJi-blue.png"
						height="26" width="22" yoffset="13" />

					<uniquevalueinfo value="connect" label="连接">
						<picturemarkersymbol url="assets/images/mapIcons/SheXiangJi-blue.png"
							height="26" width="22" yoffset="13" />
					</uniquevalueinfo>

					<uniquevalueinfo value="disconnect" label="中断">
						<picturemarkersymbol url="assets/images/mapIcons/SheXiangJi-red.png"
							height="26" width="22" yoffset="13" />
					</uniquevalueinfo>

					<uniquevalueinfo value="malfunction" label="异常">
						<picturemarkersymbol url="assets/images/mapIcons/SheXiangJi-yellow.png" 
							height="26" width="22" yoffset="13" />
					</uniquevalueinfo>
				</uniquevaluerenderer>
			</layer>
			
			<layer label="检测器" type="feature" visible="false" 
				url="http://{serverip}/arcgis/rest/services/ChangZhou/ChangZhou_device/FeatureServer/1" 
				popupconfig="popups/ChangZhou/PopUp-cjq.xml">
				
				<uniquevaluerenderer field="STATE">
					<defaultlabel>未知</defaultlabel>
					<picturemarkersymbol url="assets/images/mapIcons/CheDao-grey.png"
						height="26" width="22" yoffset="13" />

					<uniquevalueinfo value="connect" label="连接">
						<picturemarkersymbol url="assets/images/mapIcons/CheDao-blue.png"
							height="26" width="22" yoffset="13" />
					</uniquevalueinfo>

					<uniquevalueinfo value="disconnect" label="中断">
						<picturemarkersymbol url="assets/images/mapIcons/CheDao-red.png"
							height="26" width="22" yoffset="13" />
					</uniquevalueinfo>

					<uniquevalueinfo value="malfunction" label="异常">
						<picturemarkersymbol url="assets/images/mapIcons/CheDao-yellow.png" 
							height="26" width="22" yoffset="13" />
					</uniquevalueinfo>
				</uniquevaluerenderer>
			</layer>
			
			<layer label="情报板" type="feature" visible="false" 
				url="http://{serverip}/arcgis/rest/services/ChangZhou/ChangZhou_device/FeatureServer/2" 
				popupconfig="popups/ChangZhou/PopUp-qbb.xml">
				
				<uniquevaluerenderer field="STATE">
					<defaultlabel>未知</defaultlabel>
					<picturemarkersymbol url="assets/images/mapIcons/QingBaoBan-grey.png"
						height="26" width="22" yoffset="13" />

					<uniquevalueinfo value="connect" label="连接">
						<picturemarkersymbol url="assets/images/mapIcons/QingBaoBan-blue.png"
							height="26" width="22" yoffset="13" />
					</uniquevalueinfo>

					<uniquevalueinfo value="disconnect" label="中断">
						<picturemarkersymbol url="assets/images/mapIcons/QingBaoBan-red.png"
							height="26" width="22" yoffset="13" />
					</uniquevalueinfo>

					<uniquevalueinfo value="malfunction" label="异常">
						<picturemarkersymbol url="assets/images/mapIcons/QingBaoBan-yellow.png" 
							height="26" width="22" yoffset="13" />
					</uniquevalueinfo>
				</uniquevaluerenderer>
			</layer>
			
			<layer label="遥控摄像机" type="feature" visible="false" 
				url="http://{serverip}/arcgis/rest/services/ChangZhou/ChangZhou_device/FeatureServer/3" 
				popupconfig="popups/ChangZhou/PopUp-sxj-remote.xml">
				
				<uniquevaluerenderer field="STATE">
					<defaultlabel>未知</defaultlabel>
					<picturemarkersymbol url="assets/images/mapIcons/SheXiangJi-grey.png"
						height="26" width="22" yoffset="13" />

					<uniquevalueinfo value="connect" label="连接">
						<picturemarkersymbol url="assets/images/mapIcons/SheXiangJi-blue.png"
							height="26" width="22" yoffset="13" />
					</uniquevalueinfo>

					<uniquevalueinfo value="disconnect" label="中断">
						<picturemarkersymbol url="assets/images/mapIcons/SheXiangJi-red.png"
							height="26" width="22" yoffset="13" />
					</uniquevalueinfo>

					<uniquevalueinfo value="malfunction" label="异常">
						<picturemarkersymbol url="assets/images/mapIcons/SheXiangJi-yellow.png" 
							height="26" width="22" yoffset="13" />
					</uniquevalueinfo>
				</uniquevaluerenderer>
			</layer>
			
			<layer label="匝道灯" type="feature" visible="false" 
				url="http://{serverip}/arcgis/rest/services/ChangZhou/ChangZhou_device/FeatureServer/4" 
				popupconfig="popups/ChangZhou/PopUp-zdd.xml">
				
				<uniquevaluerenderer field="STATE">
					<defaultlabel>未知</defaultlabel>
					<picturemarkersymbol url="assets/images/mapIcons/ZaDaoDeng-grey.png"
						height="26" width="22" yoffset="13" />

					<uniquevalueinfo value="connect" label="open">
						<picturemarkersymbol url="assets/images/mapIcons/ZaDaoDeng-green.png"
							height="26" width="22" yoffset="13" />
					</uniquevalueinfo>

					<uniquevalueinfo value="disconnect" label="close">
						<picturemarkersymbol url="assets/images/mapIcons/ZaDaoDeng-red.png"
							height="26" width="22" yoffset="13" />
					</uniquevalueinfo>

					<uniquevalueinfo value="malfunction" label="black">
						<picturemarkersymbol url="assets/images/mapIcons/ZaDaoDeng-black.png" 
							height="26" width="22" yoffset="13" />
					</uniquevalueinfo>
				</uniquevaluerenderer>
			</layer>
			
<!-- 			<layer label="设备" type="dynamic" visible="true" -->
<!-- 				   url="http://{serverip}/arcgis/rest/services/ChangZhou/ChangZhou_device/MapServer"> -->
<!-- 				<sublayer id="0" popupconfig="popups/ChangZhou/PopUp-sxj-fixed.xml"/> -->
<!-- 				<sublayer id="1" popupconfig="popups/ChangZhou/PopUp-cjq.xml"/> -->
<!-- 				<sublayer id="2" popupconfig="popups/ChangZhou/PopUp-qbb.xml"/> -->
<!-- 				<sublayer id="3" popupconfig="popups/ChangZhou/PopUp-sxj-remote.xml"/> -->
<!-- 				<sublayer id="4" popupconfig="popups/ChangZhou/PopUp-zdd.xml"/> -->
<!-- 			</layer> -->
		</operationallayers>
	</map>

	<!-- widgets organized into widget containers that manage close/open etc -->
	<!-- supported layout property options: horizontal(default)|float|vertical|fix -->
	<widgetcontainer layout="fix">
		<widget label="ControlPanel" preload="open" right="20" bottom="20"
					   config="widgets/ControlPanel/ChangZhou/IconControlPanelWidget-main.xml"
					   url="widgets/ControlPanel/IconControlPanelWidget.swf" />
		
		<widget label="GetDeviceCoordinate" preload="open" 
					   config="widgets/GetDeviceCoordinate/ChangZhou/GetDeviceCoordinateWidget.xml"
					   url="widgets/GetDeviceCoordinate/GetDeviceCoordinateWidget.swf"/>
	</widgetcontainer>
	
</configuration>