<?xml version="1.0" ?>
<configuration>
	<type>caseEmergency</type>
	<!-- 组件打开时通知页面 -->
	<widgetrunnotify>onCaseEmergencyOverlayLoad</widgetrunnotify>
	<!-- 组件关闭时通知页面 -->
	<widgetclosenotify>onCaseEmergencyOverlayClose</widgetclosenotify>
	<popup>
		<title>{id}</title>
		<fields>
			<field name="taskSourceId" alias="警情编号" visible="false" />
			<field name="callPoliceTime" alias="报警时间" visible="true" />
			<field name="callPolicePhone" alias="报警电话" visible="true" />
			<field name="callPolicePerson" alias="报警人" visible="true" />
			<field name="isJam" alias="是否拥堵" visible="true" />
			<field name="occurPlace" alias="案发地址" visible="true" />
			<field name="content" alias="主要情节" visible="true" />
			<field name="quality" alias="案件性质" visible="true" />
			<field name="stateId" alias="状态" visible="false"/>
			<field name="stateName" alias="状态" visible="true"/>
		</fields>
		<showzoomtobutton>false</showzoomtobutton>
		<buttons>
			<button label="周边" action="bufferSearch" widgetname="周边搜索" type="policeEvent"/>
			<button label="处置" action="openDevice" type="caseEmergency" idfield="taskSourceId" />
		</buttons>
	</popup>
	<uniquevaluerenderer field="stateId">
    	<picturemarkersymbol url="assets/images/mapIcons/case/defaultState.png" yoffset="13"/>
		<uniquevalueinfo value="DispatchPolice">
			<picturemarkersymbol url="assets/images/mapIcons/case/dispatchPoliceState.png" yoffset="13"/>
		</uniquevalueinfo>
		<uniquevalueinfo value="Feedback">
			<picturemarkersymbol url="assets/images/mapIcons/case/feedbackState.png" yoffset="13"/>
		</uniquevalueinfo>
	</uniquevaluerenderer>
</configuration>
