<?xml version="1.0" ?>
<configuration>
	<type>camera</type>
	<!-- 组件打开时通知页面 -->
	<widgetrunnotify>onCameraOverlayRun</widgetrunnotify>
	<!-- 组件关闭时通知页面 -->
	<widgetclosenotify>onCameraOverlayClose</widgetclosenotify>
	<popup>
		<title>{name}</title>
		<fields>
			<field name="name" visible="false"/>
			<field name="desc" alias="描述" visible="true"/>
		</fields>
		<showzoomtobutton>false</showzoomtobutton>
		<buttons>
			<button label="视频" action="openDevice" type="sxj" />
		</buttons>
	</popup>
	<simplerenderer>
		<picturemarkersymbol url="assets/images/mapIcons/TianJin/SheBei/SheXiangJi.png" yoffset="13" />
	</simplerenderer>
</configuration>
