<?xml version="1.0" ?>
<configuration>
	<type>stationEnd</type>
	<!-- 组件打开时通知页面 -->
	<widgetrunnotify>onStationEndOverlayRun</widgetrunnotify>
	<!-- 组件关闭时通知页面 -->
	<widgetclosenotify>onStationEndOverlayClose</widgetclosenotify>
	<popup>
		<title>{name}</title>
		<fields>
			<field name="name" visible="false"/>
			<field name="desc" alias="描述" visible="true"/>
		</fields>
		<showzoomtobutton>false</showzoomtobutton>
		<buttons>
			<button label="详情" action="openDevice" type="stationEnd" />
		</buttons>
	</popup>
	<simplerenderer>
		<picturemarkersymbol url="assets/images/mapIcons/TianJin/GongJiao/bus_end.png" yoffset="21" />
	</simplerenderer>
</configuration>
