<?xml version="1.0" ?>
<configuration>
	<type>station-elec</type>
	<!-- 组件打开时通知页面 -->
	<widgetrunnotify>onStationElecOverlayRun</widgetrunnotify>
	<!-- 组件关闭时通知页面 -->
	<widgetclosenotify>onStationElecOverlayClose</widgetclosenotify>
	<popup>
		<title>{name}</title>
		<fields>
			<field name="name" visible="false"/>
			<field name="desc" alias="描述" visible="true"/>
		</fields>
		<buttons>
			<button label="详情" action="openDevice" type="station-elec" />
		</buttons>
		<showzoomtobutton>false</showzoomtobutton>
	</popup>
	<simplerenderer>
		<picturemarkersymbol url="assets/images/mapIcons/TianJin/GongJiao/GongJiaoZhanDian_ZhanPai.png" yoffset="13" />
	</simplerenderer>
</configuration>
