<?xml version="1.0" ?>
<configuration>
	<style>
		<!--textColor,backgroundColor,rolloverColor,selectionColor,titleColor -->
		<colors>0x000000,0xFFFFFF,0xDDDDDD,0x3E6FBC,0x3E6FBC</colors>
		<navigationcolors>0xFFFFFF,0x3E6FBC,0xDDDDDD,0x3E6FBC,0xFFFFFF</navigationcolors>
		<alpha>0.8</alpha>
		<font name="微软雅黑" size="14" />
	</style>

	<arcgisserverip>128.64.151.19:6080</arcgisserverip>

	<geometryservice url="http://{serverip}/arcgis/rest/services/Utilities/Geometry/GeometryServer" />

	<!-- UI elements -->
	<widget left="10" top="10" 
			config="widgets/Navigation/NavigationWidget.xml"
		    url="widgets/Navigation/NavigationWidget.swf" />
		    
<!-- 	<widget left="3" bottom="3" -->
<!-- 			config="widgets/Coordinate/CoordinateWidget.xml"  -->
<!-- 			url="widgets/Coordinate/CoordinateWidget.swf" /> -->

	<map top="0"  
		 scalebarvisible="false" esrilogovisible="false">
		<basemaps>
			<layer label="经信委" type="tiled" visible="true"
				   url="http://{serverip}/arcgis/rest/services/tianjin/EcoMap_base/MapServer"/>
<!-- 			<layer label="捷泰" type="tiled" visible="true" -->
<!-- 				   url="http://cache1.arcgisonline.cn/ArcGIS/rest/services/ChinaOnlineCommunity/MapServer"/> -->
		</basemaps>
		<operationallayers>
			
		</operationallayers>
	</map>

	<!-- widgets organized into widget containers that manage close/open etc -->
	<!-- supported layout property options: horizontal(default)|float|vertical|fix -->
	<widgetcontainer layout="fix">
		<widget label="GongJiaoZhanDianOverlay" preload="open"
				config="widgets/Overlay/TianJin/ZhiNengGongJiao/PointOverlayWidget-GongJiaoZhanDian.xml" 
				url="widgets/Overlay/PointOverlayWidget.swf" />
		
		<widget label="编辑工具栏" left="80" top="10"
			url="widgets/EditorToolbar/EditorToolbarWidget.swf"/>
		
<!-- 		<widget label="SendBlockCoordinate" preload="open" -->
<!-- 				config="widgets/SendMapClickCoordinate/TianJin/ZhiNengGongJiao/SendMapClickCoordinate-GongJiaoZhanDian.xml" -->
<!-- 				url="widgets/SendMapClickCoordinate/SendMapClickCoordinateWidget.swf" /> -->
	</widgetcontainer>
</configuration>