<configuration>
	<layout direction="horizontal" gap="10" />
	<groups>
		<group>
			<item id="fbd" name="发布段" image="assets/images/buttons/FaBuDuan.png" initstate="enable">
				<clickfunctions>
					<clickfunction name="ChangeLayer">
						<params>
							<param name="ServiceName" value="发布段" />
						</params>
					</clickfunction>
				</clickfunctions>
			</item>
			
			<item id="cjq" name="地磁" image="assets/images/buttons/DuanMian.png">
				<clickfunctions>
					<clickfunction name="ChangeLayer">
						<params>
							<param name="ServiceName" value="车检器" />
						</params>
					</clickfunction>
				</clickfunctions>
			</item>

			<item id="qbb" name="诱导板" image="assets/images/buttons/QingBaoBan.png">
				<clickfunctions>
					<clickfunction name="ChangeLayer">
						<params>
							<param name="ServiceName" value="情报板" />
						</params>
					</clickfunction>
				</clickfunctions>
			</item>
			<item id="sxj" name="摄像机" image="assets/images/buttons/SheXiangJi.png">
				<clickfunctions>
					<clickfunction name="ChangeLayer">
						<params>
							<param name="ServiceName" value="摄像机" />
						</params>
					</clickfunction>
				</clickfunctions>
			</item>
			<item id="kk" name="卡口" image="assets/images/buttons/KaKou.png">
				<clickfunctions>
					<clickfunction name="ChangeLayer">
						<params>
							<param name="ServiceName" value="卡口" />
						</params>
					</clickfunction>
				</clickfunctions>
			</item>
		</group>
	</groups>
</configuration>