<?xml version="1.0" ?>
<!-- 新增岗点页面的地图 -->
<configuration>
	<style>
		<!--textColor,backgroundColor,rolloverColor,selectionColor,titleColor -->
		<colors>0x000000,0xFFFFFF,0xDDDDDD,0x3E6FBC,0x3E6FBC</colors>
		<navigationcolors>0xFFFFFF,0x3E6FBC,0xDDDDDD,0x3E6FBC,0xFFFFFF</navigationcolors>
		<alpha>0.8</alpha>
		<font name="微软雅黑" size="14" />
	</style>

	<arcgisserverip>192.168.1.120:6080</arcgisserverip>

	<geometryservice
		url="http://128.64.151.202:6080/arcgis/rest/services/Utilities/Geometry/GeometryServer" />

	<!-- UI elements -->
	<widget left="10" top="10" config="widgets/Navigation/NavigationWidget.xml"
		url="widgets/Navigation/NavigationWidget.swf" />

	<map top="0" initialextent="116.68107 32.678104 116.747656 32.743435"
		scalebarvisible="false" esrilogovisible="false"
		doubleclickzoomenabled="false">
		<basemaps>
			<layer label="基础图层" type="tiled" visible="true" 
				url="http://{serverip}/arcgis/rest/services/FengTai/fengtai_base/MapServer" />
		</basemaps>
		<operationallayers>

		</operationallayers>
	</map>

	<!-- widgets organized into widget containers that manage close/open etc -->
	<!-- supported layout property options: horizontal(default)|float|vertical|fix -->
	<widgetcontainer layout="fix">
		<widget label="PoliceSentryOverlay" preload="open"
				config="widgets/Overlay/ChangSha/PointOverlayWidget-createPoliceSentry.xml"
				url="widgets/Overlay/PointOverlayWidget.swf" />

		<widget label="SendPoliceSentryCoordinate" preload="open" 
				config="widgets/SendMapClickCoordinate/ChangSha/SendMapClickCoordinate-policeSentry.xml"
				url="widgets/SendMapClickCoordinate/SendMapClickCoordinateWidget.swf" />
		
		<widget label="drawBuffer" preload="open" 
				config="widgets/Overlay/ChangSha/BufferPolygonOverWidget.xml"
				url="widgets/Overlay/BufferPolygonOverlayWidget.swf"/>
	</widgetcontainer>
	
	<widgetcontainer layout="horizontal">
		<widget label="搜索" preload="minimized" 
				icon="assets/images/i_search.png"
				config="widgets/MultiLayerSearch/ChangSha/MultiLayerSearchWidget-ChangSha-poi.xml"
				url="widgets/MultiLayerSearch/MultiLayerSearchWidget.swf"/>
	</widgetcontainer>
	
	<widgetcontainer layout="vertical">
		<widget label="底图切换" preload="open"
				config="widgets\MapSwitcher\MapSwitcherWidget.xml"
				url="widgets\MapSwitcher\MapSwitcherWidget.swf"/>
	</widgetcontainer>
</configuration>