<configuration>
	<type>RoadAndCross</type>
	
	<showsearchresult>true</showsearchresult>
	
	<defaultbufferdistance>500</defaultbufferdistance>
	
	<layerinfo>
		<find>
			<url>http://{serverip}/arcgis/rest/services/wuxi/wx_search/MapServer</url>
			<layerids>1,2</layerids>
		</find>

		<uniquevaluerenderer field="layerName">
			<simplemarkersymbol style="circle" color="0xFF0000" size="10"/>
			
			<uniquevalueinfo value="路口">
				<simplemarkersymbol style="circle" color="0xFF0000" size="10"/>
			</uniquevalueinfo>
			
			<uniquevalueinfo value="主要道路">
				<simplelinesymbol color="0x3E6FBC" width="2" />
			</uniquevalueinfo>
		</uniquevaluerenderer>

		<popups>
			<popup layername="default">
				<title>{NAME}</title>
				<fields>
					<field name="NAME" />
				</fields>
				<showzoomtobutton>false</showzoomtobutton>
			</popup>
			
			<popup layername="路口">
				<title>{JNAME}</title>
				<idfieldname>JID</idfieldname>
				<fields>
					<field name="JNAME" />
					<field name="JID"/>
				</fields>
				<showzoomtobutton>false</showzoomtobutton>
				<buttons>
					<button label="关联" action="addDeviceToJob" type="路口" idfield="JID"/>
				</buttons>
			</popup>
			
			<popup layername="主要道路">
				<title>{BYNAMEC}</title>
				<idfieldname>EDGEID</idfieldname>
				<fields>
					<field name="BYNAMEC" />
					<field name="EDGEID"/>
				</fields>
				<showzoomtobutton>false</showzoomtobutton>
				<buttons>
					<button label="关联" action="addDeviceToJob" type="主要道路" idfield="EDGEID"/>
				</buttons>
			</popup>
		</popups>
	</layerinfo>
</configuration>