<configuration>
	<layout direction="horizontal" gap="10" />
	<groups>
		<group>
			<item id="police" name="警员" image="assets/images/buttons/JingCha.png"
				initstate="enable">
				<clickfunctions>
					<clickfunction name="ChangeWidget">
						<params>
							<param name="WidgetName" value="PoliceOverlay" />
						</params>
					</clickfunction>
				</clickfunctions>
			</item>

			<item id="policeCar" name="警车" image="assets/images/buttons/JingChe.png"
				initstate="enable">
				<clickfunctions>
					<clickfunction name="ChangeWidget">
						<params>
							<param name="WidgetName" value="PoliceCarOverlay" />
						</params>
					</clickfunction>
				</clickfunctions>
			</item>
			
			<item id="policeSentry" name="岗点" image="assets/images/buttons/GangDian.png"
				initstate="enable">
				<clickfunctions>
					<clickfunction name="ChangeWidget">
						<params>
							<param name="WidgetName" value="PoliceSentryOverlay" />
						</params>
					</clickfunction>
				</clickfunctions>
			</item>
		</group>
	</groups>
</configuration>