<configuration>
	<layerinfo>
		<find>
			<url>http://{serverip}/arcgis/rest/services/FengTai/fengtai_search_device/MapServer</url>
			<fields>NAME</fields>
		</find>

		<uniquevaluerenderer field="layerName">
			<picturemarkersymbol url="assets/images/i_pushpin_centered.png" />

			<uniquevalueinfo value="地磁">
				<picturemarkersymbol url="assets/images/mapIcons/DuanMian-blue.png"
									 height="26" width="22" yoffset="13" />
			</uniquevalueinfo>

			<uniquevalueinfo value="天网">
				<picturemarkersymbol url="assets/images/mapIcons/SheXiangJi-blue.png"
								  	 height="26" width="22" yoffset="13" />
			</uniquevalueinfo>

			<uniquevalueinfo value="诱导板">
				<picturemarkersymbol url="assets/images/mapIcons/QingBaoBan-blue.png"
									 height="26" width="22" yoffset="13" />
			</uniquevalueinfo>

			<uniquevalueinfo value="PoliceOverlay">
				<picturemarkersymbol url="assets/images/mapIcons/JingCha-blue.png" 
									 height="26" width="22" yoffset="13" />
			</uniquevalueinfo>
			
			<uniquevalueinfo value="PoliceCarOverlay">
				<picturemarkersymbol url="assets/images/mapIcons/JingChe-blue.png" 
									 height="26" width="22" yoffset="13" />
			</uniquevalueinfo>
		</uniquevaluerenderer>

		<popups>
			<popup layername="default">
				<title>{DESC}</title>
				<idfieldname>DEVICEID</idfieldname>
				<fields>
					<field name="DESC" />
				</fields>
				<showzoomtobutton>false</showzoomtobutton>
			</popup>

			<popup layername="地磁">
				<title>{NAME}</title>
				<idfieldname>DEVICEID</idfieldname>
				<fields>
					<field name="NAME" />
					<field name="DEVICEID" alias="编号" visible="true" />
				</fields>
				<showzoomtobutton>false</showzoomtobutton>
				<buttons>
					<button label="详细信息" action="openDevice" type="DC" idfield="DEVICEID" />
				</buttons>
			</popup>

			<popup layername="诱导板">
				<title>{NAME}</title>
				<idfieldname>ID</idfieldname>
				<fields>
					<field name="NAME" />
					<field name="ID" alias="编号" visible="true" />
				</fields>
				<showzoomtobutton>false</showzoomtobutton>
				<buttons>
					<button label="详细信息" action="openDevice" type="QBB" idfield="ID" />
				</buttons>
			</popup>
	
			<popup layername="天网">
				<title>{MINGCHENG}</title>
					<fields>
						<field name="MINGCHENG" />
						<field name="ANZHUANGWE" alias="位置" visible="true"/>
						<field name="SUOSHUPAIC" alias="派出所" visible="true"/>
						<field name="IP" visible="true"/>
						<field name="JIANYIBIAN" alias="编号" visible="false" />
					</fields>
					<showzoomtobutton>false</showzoomtobutton>
					<buttons>
						<button label="详细信息" action="openDevice" type="SXJ" idfield="JIANYIBIAN" />
					</buttons>
			</popup>
			
			<popup layername="PoliceOverlay">
				<title>{policeName}</title>
				<idfieldname>policeSn</idfieldname>
				<fields>
					<field name="policeSn" alias="警员编号" visible="true" />
					<field name="policeName"/>
					<field name="departmentName" alias="所属部门" visible="true" />
					<field name="dutyName" alias="职务" visible="true" />
				</fields>
				<showzoomtobutton>false</showzoomtobutton>
				<buttons>
					<button label="发送短信" action="openDevice" type="textPolice"
							idfield="policeId" />
					<button label="呼叫警员" action="openDevice" type="phonePolice"
							idfield="policeId" />
				</buttons>
			</popup>
			
			<popup layername="PoliceCarOverlay">
				<title>{plateNo}</title>
				<idfieldname>plateNo</idfieldname>
				<fields>
					<field name="plateNo" alias="车牌号"/>
					<field name="departmentName" alias="所属部门" visible="true" />
				</fields>
				<showzoomtobutton>false</showzoomtobutton>
			</popup>
		</popups>
	</layerinfo>
	
	
	<!-- 要搜索的动态数据 -->
	<overlays>
		<overlay name="PoliceOverlay" label="警员" titlefield="policeName" idfield="policeSn" defaultselected="true"/>
		<overlay name="PoliceCarOverlay" label="警车" titlefield="plateNo" idfield="policeCarId" defaultselected="true"/>
	</overlays>
</configuration>