<?xml version="1.0" ?>
<configuration>
	<type>building</type>
	<!-- 组件打开时通知页面 -->
	<widgetrunnotify>OnBuildingOverlayRun</widgetrunnotify>
	<!-- 组件关闭时通知页面 -->
	<widgetclosenotify>OnBuildingOverlayClose</widgetclosenotify>
	<popup>
		<title>{buildName}</title>
		<fields>
			<field name="buildingType" alias="分类" visible="true"/>
			<field name="direction"/>
			<field name="buildName"/>
			<field name="police" alias="派出所" visible="true"/>
			<field name="phone" alias="电话号码" visible="true"/>
		</fields>
		<showzoomtobutton>false</showzoomtobutton>
	</popup>
	
	<uniquevaluerenderer field="buildingType" field2="direction">
		<picturemarkersymbol url="assets/images/i_pushpin_centered.png"/>
		
		<uniquevalueinfo value="社会视频,0">
			<picturemarkersymbol url="assets/images/building/shsp.png"/>
		</uniquevalueinfo>
		
		<uniquevalueinfo value="公共电话,0">
			<picturemarkersymbol url="assets/images/building/ggdh.png"/>
		</uniquevalueinfo>
		
		<uniquevalueinfo value="大型商场,0">
			<picturemarkersymbol url="assets/images/building/dxsc.png"/>
		</uniquevalueinfo>
		
		<uniquevalueinfo value="公安视频,0">
			<picturemarkersymbol url="assets/images/building/gasp0.png"/>
		</uniquevalueinfo>
		
		<uniquevalueinfo value="公安视频,10">
			<picturemarkersymbol url="assets/images/building/gasp2.png"/>
		</uniquevalueinfo>
		
		<uniquevalueinfo value="公安视频,20">
			<picturemarkersymbol url="assets/images/building/gasp3.png"/>
		</uniquevalueinfo>
		
		<uniquevalueinfo value="公安视频,30">
			<picturemarkersymbol url="assets/images/building/gasp3.png"/>
		</uniquevalueinfo>
		
		<uniquevalueinfo value="公安视频,40">
			<picturemarkersymbol url="assets/images/building/gasp3.png"/>
		</uniquevalueinfo>
		
		<uniquevalueinfo value="公安视频,50">
			<picturemarkersymbol url="assets/images/building/gasp3.png"/>
		</uniquevalueinfo>
		
		<uniquevalueinfo value="公安视频,60">
			<picturemarkersymbol url="assets/images/building/gasp3.png"/>
		</uniquevalueinfo>
		
		<uniquevalueinfo value="公安视频,70">
			<picturemarkersymbol url="assets/images/building/gasp3.png"/>
		</uniquevalueinfo>
		
		<uniquevalueinfo value="公安视频,80">
			<picturemarkersymbol url="assets/images/building/gasp4.png"/>
		</uniquevalueinfo>
		
		<uniquevalueinfo value="公安视频,90">
			<picturemarkersymbol url="assets/images/building/gasp4.png"/>
		</uniquevalueinfo>
		
		<uniquevalueinfo value="公安视频,100">
			<picturemarkersymbol url="assets/images/building/gasp4.png"/>
		</uniquevalueinfo>
		
		<uniquevalueinfo value="公安视频,110">
			<picturemarkersymbol url="assets/images/building/gasp5.png"/>
		</uniquevalueinfo>
		
		<uniquevalueinfo value="公安视频,120">
			<picturemarkersymbol url="assets/images/building/gasp5.png"/>
		</uniquevalueinfo>
		
		<uniquevalueinfo value="公安视频,130">
			<picturemarkersymbol url="assets/images/building/gasp5.png"/>
		</uniquevalueinfo>
		
		<uniquevalueinfo value="公安视频,140">
			<picturemarkersymbol url="assets/images/building/gasp5.png"/>
		</uniquevalueinfo>
		
		<uniquevalueinfo value="公安视频,150">
			<picturemarkersymbol url="assets/images/building/gasp5.png"/>
		</uniquevalueinfo>
		
		<uniquevalueinfo value="公安视频,160">
			<picturemarkersymbol url="assets/images/building/gasp5.png"/>
		</uniquevalueinfo>
		
		<uniquevalueinfo value="公安视频,170">
			<picturemarkersymbol url="assets/images/building/gasp6.png"/>
		</uniquevalueinfo>
		
		<uniquevalueinfo value="公安视频,180">
			<picturemarkersymbol url="assets/images/building/gasp6.png"/>
		</uniquevalueinfo>
		
		<uniquevalueinfo value="公安视频,190">
			<picturemarkersymbol url="assets/images/building/gasp6.png"/>
		</uniquevalueinfo>
		
		<uniquevalueinfo value="公安视频,200">
			<picturemarkersymbol url="assets/images/building/gasp7.png"/>
		</uniquevalueinfo>
		
		<uniquevalueinfo value="公安视频,210">
			<picturemarkersymbol url="assets/images/building/gasp7.png"/>
		</uniquevalueinfo>
		
		<uniquevalueinfo value="公安视频,220">
			<picturemarkersymbol url="assets/images/building/gasp7.png"/>
		</uniquevalueinfo>
		
		<uniquevalueinfo value="公安视频,230">
			<picturemarkersymbol url="assets/images/building/gasp7.png"/>
		</uniquevalueinfo>
		
		<uniquevalueinfo value="公安视频,240">
			<picturemarkersymbol url="assets/images/building/gasp7.png"/>
		</uniquevalueinfo>
		
		<uniquevalueinfo value="公安视频,250">
			<picturemarkersymbol url="assets/images/building/gasp7.png"/>
		</uniquevalueinfo>
		
		<uniquevalueinfo value="公安视频,260">
			<picturemarkersymbol url="assets/images/building/gasp8.png"/>
		</uniquevalueinfo>
		
		<uniquevalueinfo value="公安视频,270">
			<picturemarkersymbol url="assets/images/building/gasp8.png"/>
		</uniquevalueinfo>
		
		<uniquevalueinfo value="公安视频,280">
			<picturemarkersymbol url="assets/images/building/gasp8.png"/>
		</uniquevalueinfo>
		
		<uniquevalueinfo value="公安视频,290">
			<picturemarkersymbol url="assets/images/building/gasp1.png"/>
		</uniquevalueinfo>
		
		<uniquevalueinfo value="公安视频,300">
			<picturemarkersymbol url="assets/images/building/gasp1.png"/>
		</uniquevalueinfo>
		
		<uniquevalueinfo value="公安视频,310">
			<picturemarkersymbol url="assets/images/building/gasp1.png"/>
		</uniquevalueinfo>
		
		<uniquevalueinfo value="公安视频,320">
			<picturemarkersymbol url="assets/images/building/gasp1.png"/>
		</uniquevalueinfo>
		
		<uniquevalueinfo value="公安视频,330">
			<picturemarkersymbol url="assets/images/building/gasp1.png"/>
		</uniquevalueinfo>
		
		<uniquevalueinfo value="公安视频,340">
			<picturemarkersymbol url="assets/images/building/gasp1.png"/>
		</uniquevalueinfo>
		
		<uniquevalueinfo value="公安视频,350">
			<picturemarkersymbol url="assets/images/building/gasp2.png"/>
		</uniquevalueinfo>
		
		<uniquevalueinfo value="高清卡口,0">
			<picturemarkersymbol url="assets/images/building/gqkk.png"/>
		</uniquevalueinfo>
		
		<uniquevalueinfo value="市场,0">
			<picturemarkersymbol url="assets/images/building/sc.png"/>
		</uniquevalueinfo>
		
		<uniquevalueinfo value="ATM,0">
			<picturemarkersymbol url="assets/images/building/ATM.png"/>
		</uniquevalueinfo>
		
		<uniquevalueinfo value="消防栓,0">
			<picturemarkersymbol url="assets/images/building/xfs.png"/>
		</uniquevalueinfo>
		
		<uniquevalueinfo value="加油汽站,0">
			<picturemarkersymbol url="assets/images/building/jyqz.png"/>
		</uniquevalueinfo>
		
		<uniquevalueinfo value="医院,0">
			<picturemarkersymbol url="assets/images/building/yy.png"/>
		</uniquevalueinfo>
		
		<uniquevalueinfo value="居委会,0">
			<picturemarkersymbol url="assets/images/building/jwh.png"/>
		</uniquevalueinfo>
		
		<uniquevalueinfo value="金银饰品店,0">
			<picturemarkersymbol url="assets/images/building/jyspd.png"/>
		</uniquevalueinfo>
		
		<uniquevalueinfo value="重点单位,0">
			<picturemarkersymbol url="assets/images/building/zddw.png"/>
		</uniquevalueinfo>
		
		<uniquevalueinfo value="24小时便利店,0">
			<picturemarkersymbol url="assets/images/building/24xsbld.png"/>
		</uniquevalueinfo>
		
		<uniquevalueinfo value="学校,0">
			<picturemarkersymbol url="assets/images/building/xx.png"/>
		</uniquevalueinfo>
		
		<uniquevalueinfo value="银行,0">
			<picturemarkersymbol url="assets/images/building/yh.png"/>
		</uniquevalueinfo>
		
		<uniquevalueinfo value="典当行,0">
			<picturemarkersymbol url="assets/images/building/ddh.png"/>
		</uniquevalueinfo>
		
		<uniquevalueinfo value="警务室,0">
			<picturemarkersymbol url="assets/images/building/jws.png"/>
		</uniquevalueinfo>
		
		<uniquevalueinfo value="邮政,0">
			<picturemarkersymbol url="assets/images/building/yz.png"/>
		</uniquevalueinfo>
		
		<uniquevalueinfo value="证券,0">
			<picturemarkersymbol url="assets/images/building/zq.png"/>
		</uniquevalueinfo>
		
		<uniquevalueinfo value="保险,0">
			<picturemarkersymbol url="assets/images/building/bx.png"/>
		</uniquevalueinfo>
		
		<uniquevalueinfo value="地下室,0">
			<picturemarkersymbol url="assets/images/building/dxs.png"/>
		</uniquevalueinfo>
	</uniquevaluerenderer>
	
</configuration>
