<?xml version="1.0" ?>
<configuration>
	<style>
		<colors>0x000000,0xFFFFFF,0xDDDDDD,0x3E6FBC,0x3E6FBC</colors>
		<navigationcolors>0xFFFFFF,0x3E6FBC,0xDDDDDD,0x3E6FBC,0xFFFFFF
		</navigationcolors>
		<alpha>0.8</alpha>
		<font name="微软雅黑" size="14" />
	</style>
	<!-- 内网地址：128.64.151.12:8399；外网地址：jiaotong.seisys.cn:8399 -->
	<arcgisserverip>128.64.151.202:6080</arcgisserverip>
	<geometryservice
		url="http://{serverip}/arcgis/rest/services/Utilities/Geometry/GeometryServer" />
	<widget left="10" top="10" config="widgets/Navigation/NavigationWidget.xml"
		url="widgets/Navigation/NavigationWidget.swf" />
	<map top="0" initialextent="104.799 26.573 104.878 26.615"
		scalebarvisible="false" esrilogovisible="false"
		doubleclickzoomenabled="false">
		<basemaps>
			<layer label="基础图层" type="tiled" visible="true"
				url="http://{serverip}/arcgis/rest/services/LiuPanShui/lps_base/MapServer" />
		</basemaps>
		<operationallayers>
		</operationallayers>
	</map>
	<widgetcontainer layout="fix">
		<widget label="CaseJamOverlay" preload="open"
			config="widgets/Overlay/Case/Locate/PointOverlayWidget-CaseJamLocate.xml"
			url="widgets/Overlay/PointOverlayWidget.swf" />
		<widget label="CaseReturnCoordinate" preload="open"
			config="widgets/SendMapClickCoordinate/Case/Locate/SendMapClickCoordinate-Case.xml"
			url="widgets/SendMapClickCoordinate/SendMapClickCoordinateWidget.swf" />
	</widgetcontainer>
</configuration>