<?xml version="1.0" ?>
<!-- 长沙单车轨迹 -->
<configuration>
	<style>
		<!--textColor,backgroundColor,rolloverColor,selectionColor,titleColor -->
		<colors>0x000000,0xFFFFFF,0xDDDDDD,0x3E6FBC,0x3E6FBC</colors>
		<navigationcolors>0xFFFFFF,0x3E6FBC,0xDDDDDD,0x3E6FBC,0xFFFFFF</navigationcolors>
		<alpha>0.8</alpha>
		<font name="微软雅黑" size="14" />
	</style>

	<arcgisserverip>128.64.151.202:6080</arcgisserverip>

	<geometryservice url="http://{serverip}/arcgis/rest/services/Utilities/Geometry/GeometryServer" />

	<!-- UI elements -->
	<widget left="10" top="10" config="widgets/Navigation/NavigationWidget.xml"
			url="widgets/Navigation/NavigationWidget.swf" />
<!-- 	<widget left="3" bottom="3" -->
<!-- 			config="widgets/Coordinate/CoordinateWidget.xml"  -->
<!-- 			url="widgets/Coordinate/CoordinateWidget.swf" /> -->

	<map top="0" initialextent="104.799 26.573 104.878 26.615"
		 scalebarvisible="false" esrilogovisible="false"
		 doubleclickzoomenabled="true">
		<basemaps>
			<layer label="基础图层" type="tiled" visible="true"
				   url="http://{serverip}/arcgis/rest/services/LiuPanShui/lps_base/MapServer" />
		</basemaps>
		<operationallayers>
			<layer label="卡口电警" type="feature" visible="true" autorefresh="30"
				   url="http://{serverip}/arcgis/rest/services/LiuPanShui/lps_device/MapServer/6"
				   popupconfig="popups/LiuPanShui/PopUp-kkdj.xml">
				   
				<simplerenderer>
					<picturemarkersymbol url="assets/images/mapIcons/KaKou-blue.png" yoffset="13" />
				</simplerenderer>
				
<!-- 				<uniquevaluerenderer field="STATE"> -->
<!-- 					<defaultlabel>未知</defaultlabel> -->
<!-- 					<picturemarkersymbol url="assets/images/mapIcons/KaKou-grey.png" yoffset="13" /> -->

<!-- 					<uniquevalueinfo value="connect" label="连接"> -->
<!-- 						<picturemarkersymbol url="assets/images/mapIcons/KaKou-blue.png" yoffset="13" /> -->
<!-- 					</uniquevalueinfo> -->

<!-- 					<uniquevalueinfo value="disconnect" label="中断"> -->
<!-- 						<picturemarkersymbol url="assets/images/mapIcons/KaKou-red.png" yoffset="13" /> -->
<!-- 					</uniquevalueinfo> -->

<!-- 					<uniquevalueinfo value="malfunction" label="异常"> -->
<!-- 						<picturemarkersymbol url="assets/images/mapIcons/KaKou-yellow.png" yoffset="13" /> -->
<!-- 					</uniquevalueinfo> -->
<!-- 				</uniquevaluerenderer> -->
			</layer>
		</operationallayers>
	</map>

	<!-- widgets organized into widget containers that manage close/open etc -->
	<!-- supported layout property options: horizontal(default)|float|vertical|fix -->
	<widgetcontainer layout="fix">
		<widget label="单车轨迹" preload="open"
			config="widgets/CarTrack/LiuPanShui/CarTrackWidget.xml"
			url="widgets/CarTrack/CarTrackWidget.swf"/>
		
		<widget label="轨迹线" preload="open"
			config="widgets/Overlay/LiuPanShui/carTrack/PolylineOverlayWidget-carTrack.xml"
			url="widgets/Overlay/PolylineOverlayWidget.swf" />
		
		<widget label="轨迹起点图标" preload="open"
			config="widgets/Overlay/LiuPanShui/carTrack/PointOverlayWidget-carTrackStart.xml"
			url="widgets/Overlay/PointOverlayWidget.swf" />
		
		<widget label="轨迹终点图标" preload="open"
			config="widgets/Overlay/LiuPanShui/carTrack/PointOverlayWidget-carTrackEnd.xml"
			url="widgets/Overlay/PointOverlayWidget.swf" />
		
<!-- 		<widget label="卡口文字"  preload="open" -->
<!-- 				config="widgets/Overlay/ChangSha/carTrack/TextOverlayWidget-carTrack.xml" -->
<!-- 				url="widgets/Overlay/TextOverlayWidget.swf" /> -->
			
		<widget label="模拟移动" preload="open"
				config="widgets/SimulationMovePoint/LiuPanShui/SimulationMovePointWidget-carTrack.xml"
				url="widgets/SimulationMovePoint/SimulationMovePointWidget.swf"/>
				
		<widget label="卡口序号" preload="open" 
			config="widgets/Overlay/LiuPanShui/carTrack/TextOverlayWidget-carTrackOrder.xml"
			url="widgets/Overlay/TextOverlayWidget.swf"/>
	</widgetcontainer>
</configuration>