<?xml version="1.0" ?>
<!-- 首页的地图 -->
<configuration>
	<style>
		<!--textColor,backgroundColor,rolloverColor,selectionColor,titleColor -->
		<colors>0x000000,0xFFFFFF,0xDDDDDD,0x3E6FBC,0x3E6FBC</colors>
		<navigationcolors>0xFFFFFF,0x3E6FBC,0xDDDDDD,0x3E6FBC,0xFFFFFF</navigationcolors>
		<alpha>0.8</alpha>
		<font name="微软雅黑" size="14" />
	</style>

	<!--<arcgisserverip>10.10.40.105:6080</arcgisserverip>-->
	<arcgisserverip>128.64.151.202:6080</arcgisserverip>
	
	<geometryservice url="http://{serverip}/arcgis/rest/services/Utilities/Geometry/GeometryServer" />

	<!-- UI elements -->
	<widget left="10" top="10" config="widgets/Navigation/NavigationWidget.xml"
		url="widgets/Navigation/NavigationWidget.swf" />

<!-- 	<widget left="3" bottom="3" -->
<!-- 		config="widgets/Coordinate/CoordinateWidget.xml" url="widgets/Coordinate/CoordinateWidget.swf" /> -->

	<map top="0" initialextent="104.799 26.573 104.878 26.615"
		 scalebarvisible="false" esrilogovisible="false"
		 doubleclickzoomenabled="true">
		<basemaps>
			<layer label="基础图层" type="tiled" visible="true"
				   url="http://{serverip}/arcgis/rest/services/LiuPanShui/lps_base/MapServer" />
		</basemaps>
		<operationallayers>
			<layer label="电子警察" type="feature" visible="true"
				url="http://{serverip}/arcgis/rest/services/LiuPanShui/lps_device/MapServer/3"
				popupconfig="popups/ChangSha/PopUp-dzjc.xml">

				<uniquevaluerenderer field="STATE">
					<defaultlabel>未知</defaultlabel>
					<picturemarkersymbol
						url="assets/images/mapIcons/DianZiJingCha-grey.png" height="26"
						width="22" yoffset="13" />

					<uniquevalueinfo value="connect" label="连接">
						<picturemarkersymbol
							url="assets/images/mapIcons/DianZiJingCha-blue.png" height="26"
							width="22" yoffset="13" />
					</uniquevalueinfo>

					<uniquevalueinfo value="disconnect" label="中断">
						<picturemarkersymbol
							url="assets/images/mapIcons/DianZiJingCha-red.png" height="26"
							width="22" yoffset="13" />
					</uniquevalueinfo>

					<uniquevalueinfo value="malfunction" label="异常">
						<picturemarkersymbol
							url="assets/images/mapIcons/DianZiJingCha-yellow.png" height="26"
							width="22" yoffset="13" />
					</uniquevalueinfo>
				</uniquevaluerenderer>
			</layer>
		</operationallayers>
	</map>

	<!-- widgets organized into widget containers that manage close/open etc -->
	<!-- supported layout property options: horizontal(default)|float|vertical|fix -->
	<widgetcontainer layout="fix">
		<widget label="KKAlertOverlay" preload="open"
				config="widgets/Overlay/LiuPanShui/PointOverlayWidget-kkAlert.xml"
				url="widgets/Overlay/PointOverlayWidget.swf" />
		
		<widget label="GetDeviceCoordinate" preload="open" 
				config="widgets/GetDeviceCoordinate/LiuPanShui/GetDeviceCoordinateWidget.xml"
				url="widgets/GetDeviceCoordinate/GetDeviceCoordinateWidget.swf"/>
	</widgetcontainer>
</configuration>