﻿<?xml version="1.0" ?>
<!-- 六盘水 -->
<configuration>
	<style>
		<!--textColor,backgroundColor,rolloverColor,selectionColor,titleColor -->
		<colors>0x000000,0xFFFFFF,0xDDDDDD,0x3E6FBC,0x3E6FBC</colors>
		<navigationcolors>0xFFFFFF,0x3E6FBC,0xDDDDDD,0x3E6FBC,0xFFFFFF</navigationcolors>
		<alpha>0.8</alpha>
		<font name="微软雅黑" size="14" />
	</style>
	
	<!--<arcgisserverip>10.10.40.105:6080</arcgisserverip>-->
	<arcgisserverip>128.64.151.202:6080</arcgisserverip>
	
	<geometryservice url="http://{serverip}/arcgis/rest/services/Utilities/Geometry/GeometryServer" />

	<!-- UI elements -->
	<widget left="10" top="10" config="widgets/Navigation/NavigationWidget.xml"
			url="widgets/Navigation/NavigationWidget.swf" />

	<map top="0" initialextent="104.799 26.573 104.878 26.615"
		 scalebarvisible="false" esrilogovisible="false"
		 doubleclickzoomenabled="true">
		<basemaps>
			<layer label="基础图层" type="tiled" visible="true" 
				url="http://{serverip}/arcgis/rest/services/LiuPanShui/lps_base/MapServer" />
		</basemaps>
		<operationallayers>
			<layer label="发布段" type="dynamic" visible="false" autorefresh="30"
				   url="http://{serverip}/arcgis/rest/services/LiuPanShui/lps_fbd/MapServer">
				<sublayer id="1" popupconfig="popups/LiuPanShui/Popup-fbd.xml"/>
				<sublayer id="3" popupconfig="popups/LiuPanShui/Popup-fbd.xml"/>
				<sublayer id="5" popupconfig="popups/LiuPanShui/Popup-fbd.xml"/>
				<sublayer id="7" popupconfig="popups/LiuPanShui/Popup-fbd.xml"/>
				<sublayer id="9" popupconfig="popups/LiuPanShui/Popup-fbd.xml"/>
			</layer>
			
			<layer label="诱导板" type="feature" visible="false" autorefresh="30"
				   url="http://{serverip}/arcgis/rest/services/LiuPanShui/lps_device/MapServer/0"
				   popupconfig="popups/LiuPanShui/PopUp-qbb.xml">

				<uniquevaluerenderer field="STATE">
					<defaultlabel>未知</defaultlabel>
					<picturemarkersymbol url="assets/images/mapIcons/QingBaoBan-grey.png" yoffset="13" />

					<uniquevalueinfo value="connect" label="连接">
						<picturemarkersymbol url="assets/images/mapIcons/QingBaoBan-blue.png" yoffset="13" />
					</uniquevalueinfo>

					<uniquevalueinfo value="disconnect" label="中断">
						<picturemarkersymbol url="assets/images/mapIcons/QingBaoBan-red.png" yoffset="13" />
					</uniquevalueinfo>

					<uniquevalueinfo value="malfunction" label="异常">
						<picturemarkersymbol url="assets/images/mapIcons/QingBaoBan-yellow.png" yoffset="13" />
					</uniquevalueinfo>
				</uniquevaluerenderer>
			</layer>
			
			<layer label="天网" type="feature" visible="false" autorefresh="30"
				   url="http://{serverip}/arcgis/rest/services/LiuPanShui/lps_device/MapServer/1"
				   popupconfig="popups/LiuPanShui/PopUp-sxj.xml">

				<uniquevaluerenderer field="STATE">
					<defaultlabel>未知</defaultlabel>
					<picturemarkersymbol url="assets/images/mapIcons/SheXiangJi-blue.png" yoffset="13" />

					<uniquevalueinfo value="connect" label="连接">
						<picturemarkersymbol url="assets/images/mapIcons/SheXiangJi-blue.png" yoffset="13" />
					</uniquevalueinfo>

					<uniquevalueinfo value="disconnect" label="中断">
						<picturemarkersymbol url="assets/images/mapIcons/SheXiangJi-red.png" yoffset="13" />
					</uniquevalueinfo>

					<uniquevalueinfo value="malfunction" label="异常">
						<picturemarkersymbol url="assets/images/mapIcons/SheXiangJi-yellow.png" yoffset="13" />
					</uniquevalueinfo>
				</uniquevaluerenderer>
			</layer>
			
			<layer label="可控摄像机" type="feature" visible="false" autorefresh="30"
				   url="http://{serverip}/arcgis/rest/services/LiuPanShui/lps_device/MapServer/7"
				   popupconfig="popups/LiuPanShui/PopUp-sxj-KeKong.xml">

				<uniquevaluerenderer field="STATE">
					<defaultlabel>未知</defaultlabel>
					<picturemarkersymbol url="assets/images/mapIcons/SheXiangJi-KeKong-blue.png" yoffset="13" />

					<uniquevalueinfo value="connect" label="连接">
						<picturemarkersymbol url="assets/images/mapIcons/SheXiangJi-KeKong-blue.png" yoffset="13" />
					</uniquevalueinfo>

					<uniquevalueinfo value="disconnect" label="中断">
						<picturemarkersymbol url="assets/images/mapIcons/SheXiangJi-KeKong-red.png" yoffset="13" />
					</uniquevalueinfo>

					<uniquevalueinfo value="malfunction" label="异常">
						<picturemarkersymbol url="assets/images/mapIcons/SheXiangJi-KeKong-yellow.png" yoffset="13" />
					</uniquevalueinfo>
				</uniquevaluerenderer>
			</layer>
			
			<layer label="地磁" type="feature" visible="false" autorefresh="30"
				   url="http://{serverip}/arcgis/rest/services/LiuPanShui/lps_device/MapServer/2"
				   popupconfig="popups/LiuPanShui/PopUp-dc.xml">

				<uniquevaluerenderer field="STATE">
					<defaultlabel>未知</defaultlabel>
					<picturemarkersymbol url="assets/images/mapIcons/DuanMian-grey.png" yoffset="13" />

					<uniquevalueinfo value="connect" label="连接">
						<picturemarkersymbol url="assets/images/mapIcons/DuanMian-blue.png" yoffset="13" />
					</uniquevalueinfo>

					<uniquevalueinfo value="disconnect" label="中断">
						<picturemarkersymbol url="assets/images/mapIcons/DuanMian-red.png" yoffset="13" />
					</uniquevalueinfo>

					<uniquevalueinfo value="malfunction" label="异常">
						<picturemarkersymbol url="assets/images/mapIcons/DuanMian-yellow.png" yoffset="13" />
					</uniquevalueinfo>
				</uniquevaluerenderer>
			</layer>
			
			<layer label="卡口" type="feature" visible="false" autorefresh="30"
				   url="http://{serverip}/arcgis/rest/services/LiuPanShui/lps_device/MapServer/3"
				   popupconfig="popups/LiuPanShui/PopUp-kk.xml">

				<uniquevaluerenderer field="STATE">
					<defaultlabel>未知</defaultlabel>
					<picturemarkersymbol url="assets/images/mapIcons/KaKou-grey.png" yoffset="13" />

					<uniquevalueinfo value="connect" label="连接">
						<picturemarkersymbol url="assets/images/mapIcons/KaKou-blue.png" yoffset="13" />
					</uniquevalueinfo>

					<uniquevalueinfo value="disconnect" label="中断">
						<picturemarkersymbol url="assets/images/mapIcons/KaKou-red.png" yoffset="13" />
					</uniquevalueinfo>

					<uniquevalueinfo value="malfunction" label="异常">
						<picturemarkersymbol url="assets/images/mapIcons/KaKou-yellow.png" yoffset="13" />
					</uniquevalueinfo>
				</uniquevaluerenderer>
			</layer>
			
			
			<layer label="电子警察" type="feature" visible="false" autorefresh="30"
				   url="http://{serverip}/arcgis/rest/services/LiuPanShui/lps_device/MapServer/4"
				   popupconfig="popups/LiuPanShui/PopUp-DZJC.xml">

				<uniquevaluerenderer field="STATE">
					<defaultlabel>未知</defaultlabel>
					<picturemarkersymbol url="assets/images/mapIcons/DianZiJingCha-grey.png" yoffset="13" />

					<uniquevalueinfo value="connect" label="连接">
						<picturemarkersymbol url="assets/images/mapIcons/DianZiJingCha-blue.png" yoffset="13" />
					</uniquevalueinfo>

					<uniquevalueinfo value="disconnect" label="中断">
						<picturemarkersymbol url="assets/images/mapIcons/DianZiJingCha-red.png" yoffset="13" />
					</uniquevalueinfo>

					<uniquevalueinfo value="malfunction" label="异常">
						<picturemarkersymbol url="assets/images/mapIcons/DianZiJingCha-yellow.png" yoffset="13" />
					</uniquevalueinfo>
				</uniquevaluerenderer>
			</layer>
			
			<layer label="信号机" type="feature" visible="false" autorefresh="30"
				   url="http://{serverip}/arcgis/rest/services/LiuPanShui/lps_device/MapServer/5"
				   popupconfig="popups/LiuPanShui/PopUp-XHJ.xml">

				<uniquevaluerenderer field="STATE">
					<defaultlabel>未知</defaultlabel>
					<picturemarkersymbol url="assets/images/mapIcons/XinHaoJi-grey.png" yoffset="13" />

					<uniquevalueinfo value="connect" label="连接">
						<picturemarkersymbol url="assets/images/mapIcons/XinHaoJi-blue.png" yoffset="13" />
					</uniquevalueinfo>

					<uniquevalueinfo value="disconnect" label="中断">
						<picturemarkersymbol url="assets/images/mapIcons/XinHaoJi-red.png" yoffset="13" />
					</uniquevalueinfo>

					<uniquevalueinfo value="malfunction" label="异常">
						<picturemarkersymbol url="assets/images/mapIcons/XinHaoJi-yellow.png" yoffset="13" />
					</uniquevalueinfo>
				</uniquevaluerenderer>
			</layer>
			
			
		</operationallayers>
	</map>

	<!-- widgets organized into widget containers that manage close/open etc -->
	<!-- supported layout property options: horizontal(default)|float|vertical|fix -->
	<widgetcontainer layout="fix">
		<widget label="ControlPanel" preload="open" right="20" bottom="20"
				config="widgets/ControlPanel/LiuPanShui/IconControlPanelWidget-LiuPanShui-main.xml"
				url="widgets/ControlPanel/IconControlPanelWidget.swf" />
		
		<widget label="PoliceOverlay" preload="open"
				config="widgets/Overlay/ChangSha/PointOverlayWidget-police.xml" 
				url="widgets/Overlay/PointOverlayWidget.swf" />

		<widget label="PoliceCarOverlay" preload="open"
				config="widgets/Overlay/LiuPanShui/PointOverlayWidget-policeCar.xml"
				url="widgets/Overlay/PointOverlayWidget.swf" />

		<widget label="PoliceEventOverlay" preload="open"
				config="widgets/Overlay/ChangSha/PointOverlayWidget-policeEvent.xml"
				url="widgets/Overlay/PointOverlayWidget.swf" />
			
		<widget label="EmergencyPoliceEventOverlay" preload="open"
				config="widgets/Overlay/ChangSha/PointOverlayWidget-emergencyPoliceEvent.xml"
				url="widgets/Overlay/PointOverlayWidget.swf" />

		<widget label="BlockOverlay" preload="open"
				config="widgets/Overlay/ChangSha/PointOverlayWidget-block.xml" 
				url="widgets/Overlay/PointOverlayWidget.swf" />

		<widget label="RoadOccupyOverlay" preload="open"
				config="widgets/Overlay/ChangSha/PointOverlayWidget-roadOccupy.xml"
				url="widgets/Overlay/PointOverlayWidget.swf" />
		
		<widget label="PoliceSentryOverlay" preload="open"
				config="widgets/Overlay/ChangSha/PointOverlayWidget-policeSentry.xml"
				url="widgets/Overlay/PointOverlayWidget.swf" />
		
		<widget label="GetDeviceCoordinate" preload="open" 
				config="widgets/GetDeviceCoordinate/LiuPanShui/GetDeviceCoordinateWidget.xml"
				url="widgets/GetDeviceCoordinate/GetDeviceCoordinateWidget.swf"/>
		
		<widget label="KKAlertOverlay" preload="open"
				config="widgets/Overlay/ChangSha/PointOverlayWidget-kkAlert.xml"
				url="widgets/Overlay/PointOverlayWidget.swf" />
		
		<widget label="BadWeatherOverlay" preload="open"
				config="widgets/Overlay/ChangSha/PointOverlayWidget-badWeather.xml"
				url="widgets/Overlay/PointOverlayWidget.swf" />
	</widgetcontainer>
	
	<widgetcontainer layout="horizontal">
		<widget label="周边搜索" preload="minimized"
				icon="assets/images/i_search.png"
				config="widgets/MultiLayerSearch/LiuPanShui/MultiLayerSearchWidget-policeEvent.xml"
				url="widgets/MultiLayerSearch/MultiLayerSearchWidget.swf"/>
	</widgetcontainer>
</configuration>