<?xml version="1.0" ?>
<!-- 新增岗点页面的地图 -->
<configuration>
	<style>
		<!--textColor,backgroundColor,rolloverColor,selectionColor,titleColor -->
		<colors>0x000000,0xFFFFFF,0xDDDDDD,0x3E6FBC,0x3E6FBC</colors>
		<navigationcolors>0xFFFFFF,0x3E6FBC,0xDDDDDD,0x3E6FBC,0xFFFFFF</navigationcolors>
		<alpha>0.8</alpha>
		<font name="微软雅黑" size="14" />
	</style>

	<arcgisserverip>128.64.151.220:6080</arcgisserverip>

	<geometryservice
		url="http://128.64.151.202:6080/arcgis/rest/services/Utilities/Geometry/GeometryServer" />

	<!-- UI elements -->
	<widget left="10" top="10" config="widgets/Navigation/NavigationWidget.xml"
		url="widgets/Navigation/NavigationWidget.swf" />

	<map top="0" center="118.417947 31.337093" scale="24000"
			scalebarvisible="false" esrilogovisible="false"
			doubleclickzoomenabled="false">
		<basemaps>
			<layer label="矢量图" type="tiled" visible="true"
				url="http://{serverip}/arcgis/rest/services/wuhu/wuhu_base_new/MapServer" />
<!-- 			<layer label="卫星图" type="tiled" visible="false" -->
<!-- 				url="http://{serverip}/arcgis/rest/services/wuhu/wuhu_satelite/MapServer" /> -->
		</basemaps>
		<operationallayers>

		</operationallayers>
	</map>

	<!-- widgets organized into widget containers that manage close/open etc -->
	<!-- supported layout property options: horizontal(default)|float|vertical|fix -->
	<widgetcontainer layout="fix">
		<widget label="PoliceSentryOverlay" preload="open"
				config="widgets/Overlay/WuHu/PointOverlayWidget-createPoliceSentry.xml"
				url="widgets/Overlay/PointOverlayWidget.swf" />

		<widget label="SendPoliceSentryCoordinate" preload="open" 
				config="widgets/SendMapClickCoordinate/WuHu/SendMapClickCoordinate-policeSentry.xml"
				url="widgets/SendMapClickCoordinate/SendMapClickCoordinateWidget.swf" />
		
		<widget label="drawBuffer" preload="open" 
				config="widgets/Overlay/WuHu/BufferPolygonOverlayWidget.xml"
				url="widgets/Overlay/BufferPolygonOverlayWidget.swf"/>
		
<!-- 		<widget label="底图切换" preload="open" right="20" top="20" -->
<!-- 			config="widgets/MapSwitcher/MapSwitcherWidget.xml" -->
<!-- 			url="widgets/MapSwitcher/MapSwitcherWidget.swf"/> -->
	</widgetcontainer>
	
	<widgetcontainer layout="horizontal">
		<widget label="搜索" preload="minimized" 
			icon="assets/images/i_search.png"
			config="widgets/MultiLayerSearch/WuHu/MultiLayerSearchWidget-roadAndPoi.xml"
			url="widgets/MultiLayerSearch/MultiLayerSearchWidget.swf"/>
	</widgetcontainer>
</configuration>