<?xml version="1.0" ?>
<configuration>
	<style>
		<!--textColor,backgroundColor,rolloverColor,selectionColor,titleColor -->
		<colors>0x000000,0xFFFFFF,0xDDDDDD,0x3E6FBC,0x3E6FBC</colors>
		<navigationcolors>0xFFFFFF,0x3E6FBC,0xDDDDDD,0x3E6FBC,0xFFFFFF</navigationcolors>
		<alpha>1</alpha>
		<font name="微软雅黑" size="14" />
	</style>
	
	<socketinfo enable="false">
		<!-- 接收安全策略文件 -->
		<securitysocketip>128.64.25.42</securitysocketip>
		<securitysocketport>6000</securitysocketport>
		<!-- 接收数据 -->
		<datasocketip>128.64.25.42</datasocketip>
		<datasocketport>6001</datasocketport>
	</socketinfo>

	<arcgisserverip>128.64.151.220:6080</arcgisserverip>
	
	<geometryservice url="http://{serverip}/arcgis/rest/services/Utilities/Geometry/GeometryServer" />

	<!-- UI elements -->
	<widget left="10" top="10" 
			config="widgets/Navigation/NavigationWidget.xml"
			url="widgets/Navigation/NavigationWidget.swf" />
		    
	<widget left="3" bottom="3"
			config="widgets/Coordinate/CoordinateWidget.xml" 
			url="widgets/Coordinate/CoordinateWidget.swf" />
	
	<widget label="底图切换" right="10" top="10"
			config="widgets/MapSwitcher/MapSwitcherWidget.xml"
			url="widgets/MapSwitcher/MapSwitcherWidget.swf"/>
			
	<map top="0" center="118.417947 31.337093" scale="48000"
		 scalebarvisible="false" esrilogovisible="false">
		<basemaps>
			<layer label="矢量图" type="tiled" visible="true"
				   url="http://{serverip}/arcgis/rest/services/wuhu/wuhu_base2015/MapServer" />
			<layer label="卫星图" type="tiled" visible="false"
				   url="http://{serverip}/arcgis/rest/services/wuhu/wuhu_satelite/MapServer" />
		</basemaps>
		
		<operationallayers>
			<layer label="发布段" type="dynamic" visible="true" autorefresh="30"
				   url="http://{serverip}/arcgis/rest/services/wuhu/wuhu_fbd/MapServer">
				<sublayer id="0" popupconfig="popups/WuHu/PopUp-FBD.xml"/>	
			</layer>
			
			<!-- 点位数量巨大时使用dynamic，不使用feature -->
			<layer label="海量点" type="dynamic" visible="true" 
				   url="http://{serverip}/arcgis/rest/services/wuhu/wuhu_device_new/MapServer">
				<sublayer id="0" popupconfig="popups/WuHu/PopUp-LuDeng.xml"/>
				<sublayer id="1" popupconfig="popups/WuHu/PopUp-JiaoTongBiaoZhi.xml"/>
				<sublayer id="14" popupconfig="popups/WuHu/PopUp-LongMenJia.xml"/>
				<sublayer id="15" popupconfig="popups/WuHu/PopUp-JiaoTongBiaoZhi.xml"/>
			</layer>
			
			<layer label="电子警察" type="feature" visible="false" 
				   url="http://{serverip}/arcgis/rest/services/wuhu/wuhu_device_new/MapServer/2"
				   popupconfig="popups/WuHu/PopUp-DianZiJingCha.xml">
				<simplerenderer>
					<picturemarkersymbol url="assets/images/mapIcons/WuHu/DianZiJingCha-blue.png" yoffset="18"/>
				</simplerenderer>				
			</layer>
			
			<layer label="公交车站" type="feature" visible="false" 
				   url="http://{serverip}/arcgis/rest/services/wuhu/wuhu_device_new/MapServer/3"
				   popupconfig="popups/WuHu/PopUp-GongJiaoCheZhan.xml">
				<simplerenderer>
					<picturemarkersymbol url="assets/images/mapIcons/TianJin/GongJiao/GongJiaoZhanDian.png" yoffset="13"/>
				</simplerenderer>				
			</layer>
			
			<layer label="信号机" type="feature" visible="false" 
				   url="http://{serverip}/arcgis/rest/services/wuhu/wuhu_device_new/MapServer/4"
				   popupconfig="popups/WuHu/PopUp-XinHaoJi.xml">
				<simplerenderer>
					<picturemarkersymbol url="assets/images/mapIcons/WuHu/XinHaoJi-blue.png" yoffset="18"/>
				</simplerenderer>				
			</layer>
			
			<layer label="诱导板" type="feature" visible="false" 
				   url="http://{serverip}/arcgis/rest/services/wuhu/wuhu_device_new/MapServer/5"
				   popupconfig="popups/WuHu/PopUp-YouDaoBan.xml">
				<simplerenderer>
					<picturemarkersymbol url="assets/images/mapIcons/WuHu/QingBaoBan-blue.png" yoffset="18"/>
				</simplerenderer>				
			</layer>
			
			<layer label="卡口" type="feature" visible="false" 
				   url="http://{serverip}/arcgis/rest/services/wuhu/wuhu_device_new/MapServer/6"
				   popupconfig="popups/WuHu/PopUp-KaKou.xml">
				<simplerenderer>
					<picturemarkersymbol url="assets/images/mapIcons/KaKou-blue.png" yoffset="13"/>
				</simplerenderer>				
			</layer>
			
			<layer label="气象站" type="feature" visible="false" 
				   url="http://{serverip}/arcgis/rest/services/wuhu/wuhu_device_new/MapServer/7"
				   popupconfig="popups/WuHu/PopUp-QiXiangZhan.xml">
				<simplerenderer>
					<picturemarkersymbol url="assets/images/mapIcons/WuHu/QiXiangZhan-blue.png" yoffset="18"/>
				</simplerenderer>				
			</layer>
			
			<layer label="能见度仪" type="feature" visible="false" 
				   url="http://{serverip}/arcgis/rest/services/wuhu/wuhu_device_new/MapServer/10"
				   popupconfig="popups/WuHu/PopUp-NengJianDuYi.xml">
				<simplerenderer>
					<picturemarkersymbol url="assets/images/mapIcons/WuHu/NengJianDuYi-blue.png" yoffset="18"/>
				</simplerenderer>				
			</layer>
			
			<layer label="摄像机" type="feature" visible="false" 
				   url="http://{serverip}/arcgis/rest/services/wuhu/wuhu_device_new/MapServer/12"
				   popupconfig="popups/WuHu/PopUp-SheXiangJi.xml">
				<simplerenderer>
					<picturemarkersymbol url="assets/images/mapIcons/WuHu/SheXiangJi-blue.png" yoffset="18"/>
				</simplerenderer>				
			</layer>
			
			<layer label="路口" type="feature" visible="false" 
				   url="http://{serverip}/arcgis/rest/services/wuhu/wuhu_device_new/MapServer/13"
				   popupconfig="popups/WuHu/PopUp-LuKou.xml">
				<simplerenderer>
					<simplemarkersymbol color="0x3E6FBC" size="10"/>
				</simplerenderer>				
			</layer>
			
			<layer label="信号灯" type="feature" visible="false" 
				   url="http://{serverip}/arcgis/rest/services/wuhu/wuhu_device_new/MapServer/16"
				   popupconfig="popups/WuHu/PopUp-XinHaoDeng.xml">
				<simplerenderer>
					<simplemarkersymbol color="0x3E6FBC" size="10"/>
				</simplerenderer>			
			</layer>
		</operationallayers>
	</map>

	<!-- widgets organized into widget containers that manage close/open etc -->
	<!-- supported layout property options: horizontal(default)|float|vertical|fix -->
	<widgetcontainer layout="float">
		<widget label="气象站Overlay"
				config="widgets/Overlay/WuHu/PointOverlayWidget-QiXiangZhan.xml" 
				url="widgets/Overlay/PointOverlayWidget.swf"/>
		
		<widget label="能见度仪Overlay"
				config="widgets/Overlay/WuHu/PointOverlayWidget-NengJianDuYi.xml"
				url="widgets/Overlay/PointOverlayWidget.swf" />
		
		<widget label="诱导板Overlay"
				config="widgets/Overlay/WuHu/PointOverlayWidget-QingBaoBan.xml" 
				url="widgets/Overlay/PointOverlayWidget.swf"/>
		
		<widget label="电子警察Overlay"
				config="widgets/Overlay/WuHu/PointOverlayWidget-DianZiJingCha.xml" 
				url="widgets/Overlay/PointOverlayWidget.swf"/>
		
		<widget label="摄像机Overlay"
				config="widgets/Overlay/WuHu/PointOverlayWidget-SheXiangJi.xml" 
				url="widgets/Overlay/PointOverlayWidget.swf"/>
		
		<widget label="信号机Overlay"
				config="widgets/Overlay/WuHu/PointOverlayWidget-XinHaoJi.xml" 
				url="widgets/Overlay/PointOverlayWidget.swf"/>
		
		<widget label="卡口Overlay"
				config="widgets/Overlay/WuHu/PointOverlayWidget-KaKou.xml" 
				url="widgets/Overlay/PointOverlayWidget.swf"/>
		
		<widget label="占道施工Overlay"
				config="widgets/Overlay/WuHu/orc/show/PointOverlayWidget-OrcShow.xml" 
				url="widgets/Overlay/PointOverlayWidget.swf"/>
		
		<widget label="视频事件Overlay"
				config="widgets/Overlay/WuHu/PointOverlayWidget-ShiPinShiJian.xml" 
				url="widgets/Overlay/PointOverlayWidget.swf"/>
			
		<widget label="警情Overlay"
				config="widgets/Overlay/WuHu/PointOverlayWidget-JingQing.xml" 
				url="widgets/Overlay/PointOverlayWidget.swf"/>

		<widget label="警员Overlay"
				config="widgets/Overlay/WuHu/PointOverlayWidget-police.xml"
				url="widgets/Overlay/PointOverlayWidget.swf"/>
		
		<widget label="警车Overlay"
				config="widgets/Overlay/WuHu/PointOverlayWidget-policeCar.xml"
				url="widgets/Overlay/PointOverlayWidget.swf"/>
		
		<widget label="岗点Overlay"
				config="widgets/Overlay/WuHu/PointOverlayWidget-GangDian.xml"
				url="widgets/Overlay/PointOverlayWidget.swf" />
		
		<widget label="重点车辆Overlay"
				config="widgets/Overlay/WuHu/PointOverlayWidget-ZhongDianCheLiang.xml"
				url="widgets/Overlay/PointOverlayWidget.swf" />
		
		<widget label="应急资源Overlay"
				config="widgets/Overlay/WuHu/PointOverlayWidget-YingJiZiYuan.xml"
				url="widgets/Overlay/PointOverlayWidget.swf" />
		
		<widget label="应急单位Overlay"
				config="widgets/Overlay/WuHu/PointOverlayWidget-YingJiDanWei.xml"
				url="widgets/Overlay/PointOverlayWidget.swf" />
		
		<widget label="应急事件Overlay"
				config="widgets/Overlay/WuHu/PointOverlayWidget-YingJiShiJian.xml"
				url="widgets/Overlay/PointOverlayWidget.swf" />
		
		<widget label="应急设施Overlay"
				config="widgets/Overlay/WuHu/PointOverlayWidget-YingJiSheShi.xml"
				url="widgets/Overlay/PointOverlayWidget.swf" />
		
		<widget label="联动单位Overlay"
				config="widgets/Overlay/WuHu/PointOverlayWidget-LianDongDanWei.xml"
				url="widgets/Overlay/PointOverlayWidget.swf" />
		
		<widget label="稽查布控Overlay"
				config="widgets/Overlay/WuHu/PointOverlayWidget-JiChaBuKong.xml"
				url="widgets/Overlay/PointOverlayWidget.swf" />
		
		<widget label="抓拍事件Overlay"
				config="widgets/Overlay/WuHu/PointOverlayWidget-ZhuaPaiShiJian.xml"
				url="widgets/Overlay/PointOverlayWidget.swf" />
		
		<widget label="事件检测Overlay"
				config="widgets/Overlay/WuHu/PointOverlayWidget-ShiJianJianCe.xml"
				url="widgets/Overlay/PointOverlayWidget.swf" />
		
		<widget label="车检器Overlay"
				config="widgets/Overlay/WuHu/PointOverlayWidget-CheJianQi.xml"
				url="widgets/Overlay/PointOverlayWidget.swf" />
		
		<widget label="视频检测器Overlay"
				config="widgets/Overlay/WuHu/PointOverlayWidget-ShiPinJianCeQi.xml"
				url="widgets/Overlay/PointOverlayWidget.swf" />
		
		<widget label="六合一小区Overlay"
				config="widgets/Overlay/WuHu/PointOverlayWidget-LiuHeYiXiaoQu.xml"
				url="widgets/Overlay/PointOverlayWidget.swf" />
		
		<widget label="添加点位" 
				config="widgets/SendMapClickCoordinate/SendMapClickCoordinate-general.xml"
				url="widgets/SendMapClickCoordinate/SendMapClickCoordinateWidget.swf"/>
		
		<widget label="设备定位" preload="open"
				config="widgets/GetDeviceCoordinate/WuHu/GetDeviceCoordinateWidget.xml"
				url="widgets/GetDeviceCoordinate/GetDeviceCoordinateWidget.swf"/>
	</widgetcontainer>
	
	<widgetcontainer layout="fix">
		<widget label="首页菜单" right="20" top="50" preload="open"
				config="widgets/ControlPanel/WuHu/ListControlPanelWidget-main.xml"
				url="widgets/ControlPanel/ListControlPanel/ListControlPanelWidget.swf"/>
		
		<widget label="勤务菜单" right="20" top="50"
				config="widgets/ControlPanel/WuHu/ListControlPanelWidget-QinWu.xml"
				url="widgets/ControlPanel/ListControlPanel/ListControlPanelWidget.swf"/>
		
		<widget label="重点车辆菜单" right="20" top="50"
				config="widgets/ControlPanel/WuHu/ListControlPanelWidget-ZhongDianCheLiang.xml"
				url="widgets/ControlPanel/ListControlPanel/ListControlPanelWidget.swf"/>
		
		<widget label="道路气象菜单" right="20" top="50"
				config="widgets/ControlPanel/WuHu/ListControlPanelWidget-DaoLuQiXiang.xml"
				url="widgets/ControlPanel/ListControlPanel/ListControlPanelWidget.swf"/>
		
		<widget label="应急事件菜单" right="20" top="50"
				config="widgets/ControlPanel/WuHu/ListControlPanelWidget-YingJiShiJian.xml"
				url="widgets/ControlPanel/ListControlPanel/ListControlPanelWidget.swf"/>
		
		<widget label="稽查布控菜单" right="20" top="50"
				config="widgets/ControlPanel/WuHu/ListControlPanelWidget-JiChaBuKong.xml"
				url="widgets/ControlPanel/ListControlPanel/ListControlPanelWidget.swf"/>
		
		<widget label="视频事件菜单" right="20" top="50"
				config="widgets/ControlPanel/WuHu/ListControlPanelWidget-ShiPinShiJian.xml"
				url="widgets/ControlPanel/ListControlPanel/ListControlPanelWidget.swf"/>
		
		<widget label="视频巡检菜单" right="20" top="50"
				config="widgets/ControlPanel/WuHu/ListControlPanelWidget-ShiPinXunJian.xml"
				url="widgets/ControlPanel/ListControlPanel/ListControlPanelWidget.swf"/>
		
		<widget label="诱导发布菜单" right="20" top="50"
				config="widgets/ControlPanel/WuHu/ListControlPanelWidget-YouDaoFaBu.xml"
				url="widgets/ControlPanel/ListControlPanel/ListControlPanelWidget.swf"/>
		
		<widget label="发布段菜单" right="20" top="50"
				config="widgets/ControlPanel/WuHu/ListControlPanelWidget-FaBuDuan.xml"
				url="widgets/ControlPanel/ListControlPanel/ListControlPanelWidget.swf"/>
		
		<widget label="信号控制菜单" right="20" top="50"
				config="widgets/ControlPanel/WuHu/ListControlPanelWidget-XinHaoKongZhi.xml"
				url="widgets/ControlPanel/ListControlPanel/ListControlPanelWidget.swf"/>
		
		<widget label="设施设备菜单" right="20" top="50"
				config="widgets/ControlPanel/WuHu/ListControlPanelWidget-SheShiSheBei.xml"
				url="widgets/ControlPanel/ListControlPanel/ListControlPanelWidget.swf"/>
		
		<widget label="车检器菜单" right="20" top="50"
				config="widgets/ControlPanel/WuHu/ListControlPanelWidget-CheJianQi.xml"
				url="widgets/ControlPanel/ListControlPanel/ListControlPanelWidget.swf"/>
		
		<widget label="接处警菜单" right="20" top="50"
				config="widgets/ControlPanel/WuHu/ListControlPanelWidget-JieChuJing.xml"
				url="widgets/ControlPanel/ListControlPanel/ListControlPanelWidget.swf"/>
		
		<widget label="六合一车辆菜单" right="20" top="50"
				config="widgets/ControlPanel/WuHu/ListControlPanelWidget-LiuHeYi.xml"
				url="widgets/ControlPanel/ListControlPanel/ListControlPanelWidget.swf"/>
	</widgetcontainer>
	
	<widgetcontainer layout="horizontal">
		<widget label="搜索"
				icon="assets/images/i_search.png"
				config="widgets/MultiLayerSearch/WuHu/MultiLayerSearchWidget-roadAndPoi.xml"
				url="widgets/MultiLayerSearch/MultiLayerSearchWidget.swf"/>
				
		<widget label="应急事件搜索"
				icon="assets/images/i_search.png"
				config="widgets/MultiLayerSearch/WuHu/MultiLayerSearchWidget-YingJiShiJian.xml"
				url="widgets/MultiLayerSearch/MultiLayerSearchWidget.swf"/>
			
		<widget label="测距" 
				icon="assets/images/i_draw2.png" 
				config="widgets/Draw/DrawWidget.xml"
				url="widgets/Draw/DrawWidget.swf" />
	</widgetcontainer>
</configuration>