<?xml version="1.0" ?>
<!-- 六盘水 -->
<configuration>
	<style>
		<!--textColor,backgroundColor,rolloverColor,selectionColor,titleColor -->
		<colors>0x000000,0xFFFFFF,0xDDDDDD,0x3E6FBC,0x3E6FBC</colors>
		<navigationcolors>0xFFFFFF,0x3E6FBC,0xDDDDDD,0x3E6FBC,0xFFFFFF</navigationcolors>
		<alpha>0.8</alpha>
		<font name="微软雅黑" size="14" />
	</style>

<!-- 	<arcgisserverip>10.10.40.105:6080</arcgisserverip> -->
	<arcgisserverip>128.64.151.220:6080</arcgisserverip>

	<geometryservice url="http://128.64.151.202:6080/arcgis/rest/services/Utilities/Geometry/GeometryServer" />

	<!-- UI elements -->
	<widget left="10" top="10" config="widgets/Navigation/NavigationWidget.xml"
			url="widgets/Navigation/NavigationWidget.swf" />
	
	<map top="0" center="118.417947 31.337093" scale="24000"
			 scalebarvisible="false" esrilogovisible="false">
		<basemaps>
			<layer label="矢量图" type="tiled" visible="true"
				url="http://{serverip}/arcgis/rest/services/wuhu/wuhu_base_new/MapServer" />
<!-- 			<layer label="卫星图" type="tiled" visible="false" -->
<!-- 				url="http://{serverip}/arcgis/rest/services/wuhu/wuhu_satelite/MapServer" /> -->
		</basemaps>
		<operationallayers>
			
		</operationallayers>
	</map>

	<!-- widgets organized into widget containers that manage close/open etc -->
	<!-- supported layout property options: horizontal(default)|float|vertical|fix -->
	
	<widgetcontainer layout="horizontal">
		<widget label="警卫任务" preload="open"
				icon="assets/images/i_police.png"
				config="widgets/GuardJob/WuHu/GuardJobWidget.xml"
				url="widgets/GuardJob/GuardJobWidget.swf"/>
	</widgetcontainer>
	
	<widgetcontainer layout="fix">
		<widget label="编辑工具栏" left="100" top="10"
					  url="widgets/EditorToolbar/EditorToolbarWidget.swf"/>
					  
		<widget label="岗点" preload="open"
				config="widgets/Overlay/WuHu/PointOverlayWidget-policeSentry.xml"
				url="widgets/Overlay/PointOverlayWidget.swf"/>
				
<!-- 		<widget label="底图切换" preload="open" right="20" top="20" -->
<!-- 			config="widgets/MapSwitcher/MapSwitcherWidget.xml" -->
<!-- 			url="widgets/MapSwitcher/MapSwitcherWidget.swf"/> -->
	</widgetcontainer>
</configuration>