<configuration>
	<showbuffersearch>false</showbuffersearch>
	<showgraphicsearch>false</showgraphicsearch>
	<sendresult>false</sendresult>
		
	<layerinfo>
		<find>
			<url>http://{serverip}/arcgis/rest/services/pt_search_road/MapServer</url>
			<fields>NAME,名称</fields>
		</find>

		<uniquevaluerenderer field="layerName">
			<picturemarkersymbol url="assets/images/i_pushpin_centered.png" />
			
			<uniquevalueinfo value="道路">
				<simplelinesymbol color="0x3E6FBC" width="2" />
			</uniquevalueinfo>
			
			<uniquevalueinfo value="建筑物">
				<simplefillsymbol color="0x3E6FBC" alpha="0.2">
					<outline color="0x3E6FBC" width="2" />
				</simplefillsymbol>
				
			</uniquevalueinfo>
		</uniquevaluerenderer>

		<popups>
			<popup layername="道路">
				<title>{NAME}</title>
				<idfieldname></idfieldname>
				<fields>
					<field name="NAME"/>
				</fields>
				<showzoomtobutton>false</showzoomtobutton>
			</popup>

			<popup layername="建筑物">
				<title>{名称}</title>
				<idfieldname></idfieldname>
				<fields>
					<field name="名称" />
				</fields>
				<showzoomtobutton>false</showzoomtobutton>
			</popup>
		</popups>
	</layerinfo>
</configuration>