<?xml version="1.0" ?>
<!-- 宜兴最短路径 -->
<configuration>
	<style>
		<!--textColor,backgroundColor,rolloverColor,selectionColor,titleColor -->
		<colors>0x000000,0xFFFFFF,0xDDDDDD,0x3E6FBC,0x3E6FBC</colors>
		<navigationcolors>0xFFFFFF,0x3E6FBC,0xDDDDDD,0x3E6FBC,0xFFFFFF</navigationcolors>
		<alpha>0.8</alpha>
		<font name="微软雅黑" size="14" />
	</style>
	
<!-- 	<arcgisserverip>192.0.5.52:8399</arcgisserverip> -->
	<arcgisserverip>128.64.151.12:8399</arcgisserverip>

	<geometryservice
		url="http://{serverip}/arcgis/rest/services/Geometry/GeometryServer" />

	<!-- UI elements -->
	<widget left="10" top="10" config="widgets/Navigation/NavigationWidget.xml"
		url="widgets/Navigation/NavigationWidget.swf" />

	<map top="0" 
		scalebarvisible="false" esrilogovisible="false"
		doubleclickzoomenabled="false">
		<basemaps>
			<layer label="基础图层" type="tiled" visible="true"
				   url="http://{serverip}/arcgis/rest/services/yixing/yx_base_PGIS/MapServer" />
		</basemaps>
		<operationallayers>
<!-- 			<layer label="注记图层" type="dynamic" visible="true"  -->
<!-- 				   url="http://{serverip}/arcgis/rest/services/yixing/yx_anno_PGIS/MapServer"/> -->
		</operationallayers>
	</map>

	<!-- widgets organized into widget containers that manage close/open etc -->
	<!-- supported layout property options: horizontal(default)|float|vertical|fix -->
	<widgetcontainer paneltype="left" initialstate="collapsed" size="300">
		<widget label="最短路径"
				config="widgets/Directions/YiXing/DirectionsWidget-YiXing.xml"
				url="widgets/Directions/DirectionsWidget.swf"/>
	</widgetcontainer>

</configuration>