<?xml version="1.0" ?>
<configuration>
	<title>{问题类别}</title>
	<fields>
		<field name="问题类别" />
		<field name="人数" visible="true" />
		<field name="信访方式" visible="true" />
		<field name="信访人" visible="true" />
		<field name="信访人地址" visible="true" />
		<field name="问题类别" visible="true" />
		<field name="办理方式" visible="true" />
	</fields>
	<showzoomtobutton>false</showzoomtobutton>
	<showrelatedrecords>false</showrelatedrecords>
	<showattachments>false</showattachments>
	<buttons>
		<button label="搜索污染源" action="buffersearch" type="" idfield=""  widgetName="" 
	 			queryLayerUrl="http://jiaotong.seisys.cn:8399/arcgis/rest/services/HuanBaoJu/XinFangDian/MapServer/1"  
	 			geometryServiceUrl="http://jiaotong.seisys.cn:8399/arcgis/rest/services/Geometry/GeometryServer"/> 
	</buttons> 
</configuration>