<?xml version="1.0" ?>
<!-- 派警的警员：按照PointOverlayWidget-sendPolice.xml文件进行类似配置 -->
<configuration>
	<type>police</type>
	<!-- 组件打开时通知页面 -->
	<widgetrunnotify>onPoliceOverlayLoad</widgetrunnotify>
	<!-- 组件关闭时通知页面 -->
	<widgetclosenotify>onPoliceOverlayClose</widgetclosenotify>
	<popup>
		<title>{policeName}</title>
		<fields>
			<field name="policeId" alias="警员Id" visible="false" />
			<field name="policeSn" alias="警号" visible="true" />
			<field name="policeName" alias="警员姓名" visible="true" />
			<field name="departmentName" alias="所属部门" visible="true" />
			<field name="dutyName" alias="职务" visible="true" />
			<field name="stateId" alias="状态" visible="false"/>
		</fields>
		<showzoomtobutton>false</showzoomtobutton>
		<buttons>
			<!-- 点击时，调用openDevice脚本接口，type是固定值，idfield是根据上面的字段获取的动态值 -->
			<button label="选择" action="openDevice" type="police" idfield="policeId" />
		</buttons>
	</popup>
	<uniquevaluerenderer field="stateId">
    	<picturemarkersymbol url="assets/images/mapIcons/JingCha-blue.png" yoffset="13"/>
		<uniquevalueinfo value="UnChecked">
			<picturemarkersymbol url="assets/images/mapIcons/JingCha-blue.png" yoffset="13"/>
		</uniquevalueinfo>
		<uniquevalueinfo value="Checked">
			<picturemarkersymbol url="assets/images/mapIcons/JingCha-blue-selected.png" yoffset="13"/>
		</uniquevalueinfo>
	</uniquevaluerenderer>
</configuration>
