<?xml version="1.0" ?>
<configuration>
	<type>policeCar</type>
	<!-- 组件打开时通知页面 -->
	<widgetrunnotify>onPoliceCarOverlayRun</widgetrunnotify>
	<!-- 组件关闭时通知页面 -->
	<widgetclosenotify>onPoliceCarOverlayClose</widgetclosenotify>
	<popup>
		<title>{plateNo}</title>
		<fields>
			<field name="policeCarId" alias="警车编号" visible="true"/>
			<field name="plateNo" alias="车牌号" visible="false"/>
			<field name="departmentName" alias="所属部门" visible="true"/>
			<field name="carphoneCode" alias="车台编号" visible="false"/>
			<field name="acquisitionTime" alias="更新时间" visible="true"/>
			<field name="gpsState" alias="GPS状态" visible="true"/>		
			<field name="fuzeren" alias="负责人" visible="true"/>	
			<field name="fuzerenTel" alias="负责人电话" visible="true"/>	
		</fields>
		<showzoomtobutton>false</showzoomtobutton>
		<buttons>
			<button label="车台呼叫" action="openDevice" type="callCarphone" idfield="carphoneCode" />			
		</buttons>
	</popup>
	<simplerenderer>
		<picturemarkersymbol url="assets/images/mapIcons/JingChe-blue.png" height="26" width="22" yoffset="13"/>
	</simplerenderer>
</configuration>