<?xml version="1.0" ?>
<configuration>
	<type>police</type>
	<!-- 组件打开时通知页面 -->
	<widgetrunnotify>onPoliceOverlayRun</widgetrunnotify>
	<!-- 组件关闭时通知页面 -->
	<widgetclosenotify>onPoliceOverlayClose</widgetclosenotify>
	<popup>
		<title>{policeName}</title>
		<fields>
			<field name="policeSn" alias="警员编号" visible="true"/>
			<field name="policeName" alias="警员名称" visible="false"/>
			<field name="departmentName" alias="所属部门" visible="true"/>
			<field name="dutyName" alias="职务" visible="true"/>
			<field name="acquisitionTime" alias="更新时间" visible="true"/>
		</fields>
		<showzoomtobutton>false</showzoomtobutton>
<!-- 		<buttons> -->
<!-- 			<button label="发送短信" action="openDevice" type="sendMessage" idfield="policeId" /> -->
<!-- 			<button label="PDA呼叫" action="openDevice" type="callPda" idfield="pdaCode" /> -->
<!-- 			<button label="手台呼叫" action="openDevice" type="callInterphone" idfield="interphoneCode" /> -->
<!-- 		</buttons> -->
	</popup>
	<simplerenderer>
		<picturemarkersymbol url="assets/images/mapIcons/JingCha-blue.png" yoffset="13" />
	</simplerenderer>
</configuration>
