<?xml version="1.0" ?>
<configuration>
	<type>carTrackKaKouOrderText</type>
	<!-- 组件打开时通知页面 -->
	<widgetrunnotify></widgetrunnotify>
	<!-- 组件关闭时通知页面 -->
	<widgetclosenotify></widgetclosenotify>
	
	<textsymbol>
		<!-- The text alpha -->
		<alpha>1</alpha>
		<!-- The angle of the TextSymbol -->
		<angle></angle>
		<!-- Specifies whether the text field has a background fill. -->
		<background>true</background>
		<!-- The background color of the text field. -->
		<backgroundcolor>0x0055BF</backgroundcolor>
		<!-- Specifies whether the text field has a border. -->
		<border>false</border>
		<!-- The color of the text field border. -->
		<bordercolor></bordercolor>
		<!-- The text color -->
		<color>0xFFFFFF</color>
		<!-- The text placement, above/below/start/end/middle -->
		<placement>above</placement>
		<!-- The X offset value in pixels. -->
		<xoffset>20</xoffset>
		<!-- The Y offset value in pixels. -->
		<yoffset>0</yoffset>
		<fontname>微软雅黑</fontname>
		<fontsize>14</fontsize>
	</textsymbol>
	
	<!-- 发光效果 -->
	<glowfilter>
		<alpha>1</alpha>
		<blurx>4</blurx>
		<blury>4</blury>
		<strength>80</strength>
		<color>0xFFFFFF</color>
		<!-- 内发光 -->
		<inner>false</inner>
		<!-- 镂空 -->
		<knockout>false</knockout>
	</glowfilter>
</configuration>