<?xml version="1.0" ?>
<configuration>
	<style>
		<!--textColor,backgroundColor,rolloverColor,selectionColor,titleColor -->
		<colors>0x000000,0xFFFFFF,0xDDDDDD,0x3E6FBC,0x3E6FBC,0x8FD5D3</colors>
		<navigationcolors>0xFFFFFF,0x3E6FBC,0xDDDDDD,0x3E6FBC,0xFFFFFF</navigationcolors>
		<alpha>0.8</alpha>
		<font name="微软雅黑" size="14" />
	</style>

	<arcgisserverip>localhost:6080</arcgisserverip>

	<geometryservice url="http://{serverip}/arcgis/rest/services/Utilities/Geometry/GeometryServer" />

	<!-- UI elements -->
	<widget left="0" top="0"
			url="widgets/HuanBaoJu/LogoWidget.swf"/>
			
	<widget left="10" top="150" 
			config="widgets/Navigation/NavigationWidget.xml"
		    url="widgets/Navigation/NavigationWidget.swf" />
		    
	<widget left="3" bottom="3" visible="false"
			config="widgets/Coordinate/CoordinateWidget.xml" 
			url="widgets/Coordinate/CoordinateWidget.swf" />

	<map top="90" initialextent="-65587 -63568 66492 74404"
		 scalebarvisible="false" esrilogovisible="false">
		<basemaps>
			<layer label="基础图" type="tiled" visible="true"
				   url="http://{serverip}/arcgis/rest/services/shanghai/XXZX_base/MapServer" />
		</basemaps>
		<operationallayers>
			<layer label="标注线" type="dynamic" visible="true" 
				   url="http://{serverip}/arcgis/rest/services/HuanBaoJu/LabelLine/MapServer"/>
		</operationallayers>
	</map>

	<!-- widgets organized into widget containers that manage close/open etc -->
	<!-- supported layout property options: horizontal(default)|float|vertical|fix -->
	<widgetcontainer layout="fix">
		<widget left="10" top="100" preload="open"
				url="widgets/HuanBaoJu/HeaderWidget.swf"/>
				
		<widget label="污染类型" right="10" top="125" preload="open"
				icon="assets/images/HuanBaoJu/center/b_dqwr.png"
				url="widgets/HuanBaoJu/PollutionTypeWidget.swf"/>
				
		<widget label="图层" right="10" top="500" preload="open"
				icon="assets/images/HuanBaoJu/center/b_tc.png"
				url="widgets/HuanBaoJu/LayerWidget.swf"/>
		
		<widget label="用颜色显示信访数量" preload="open" 
				config="widgets/RenderPolygonByPointCount/HuanBaoJu/RenderPolygonByPointCountWidget.xml"
				url="widgets/RenderPolygonByPointCount/RenderPolygonByPointCountWidget.swf"/>
	</widgetcontainer>
</configuration>