<!-- 视频资源 -->
<configuration>
	<groups>
		<group name="视频资源">
			<item id="SheHuiShiPin" name="社会视频(3191个)">
				<clickfunctions>
					<clickfunction name="ChangeLayer">
						<params>
							<param name="ServiceName" value="2" />
						</params>
					</clickfunction>
				</clickfunctions>
			</item>
			<item id="GongAnShiPin" name="公安视频(1837个)">
				<clickfunctions>
					<clickfunction name="ChangeLayer">
						<params>
							<param name="ServiceName" value="3" />
						</params>
					</clickfunction>
				</clickfunctions>
			</item>
			<item id="GaoQingKaKou" name="高清卡口(44个)">
				<clickfunctions>
					<clickfunction name="ChangeLayer">
						<params>
							<param name="ServiceName" value="4" />
						</params>
					</clickfunction>
				</clickfunctions>
			</item>
		</group>
	</groups>
	
</configuration>