<?xml version="1.0" ?>
<configuration>
	<style>
		<!--textColor,backgroundColor,rolloverColor,selectionColor,titleColor -->
		<colors>0x000000,0xFFFFFF,0xDDDDDD,0x3E6FBC,0x3E6FBC</colors>
		<navigationcolors>0xFFFFFF,0x3E6FBC,0xDDDDDD,0x3E6FBC,0xFFFFFF
		</navigationcolors>
		<alpha>0.8</alpha>
		<font name="微软雅黑" size="14" />
	</style>
	
	<widget left="10" top="10" config="widgets/Navigation/NavigationWidget.xml"
		url="widgets/Navigation/NavigationWidget.swf" />
		
	<widget left="3" bottom="3"
		config="widgets/Coordinate/CoordinateWidget.xml" 
		url="widgets/Coordinate/CoordinateWidget.swf" />
		
	<map top="0" scale="250000"
		scalebarvisible="false" esrilogovisible="false">
		<basemaps>
			<layer label="基础图层" type="tiled" visible="true"
				url="http://128.64.151.12:8399/arcgis/rest/services/shanghai/base/MapServer" />
		</basemaps>
		<operationallayers>
			<layer label="投诉点" type="feature" visible="true" 
				url="http://128.64.151.12:8399/arcgis/rest/services/shanghai/sh_points/MapServer/2"
				popupconfig="popups/HuanBao/PopUp-TouSu.xml"/>
		</operationallayers>
	</map>
	
	<widgetcontainer layout="horizontal">
		<widget label="热点图" preload="open"
			config="widgets/HeatMap/HeatMapWidget.xml" 
			url="widgets/HeatMap/HeatMapWidget.swf"/>
		
<!-- 		<widget label="搜索" preload="open" -->
<!-- 			config="widgets/MultiLayerSearch/ShangHai/MultiLayerSearchWidget-main.xml"  -->
<!-- 			url="widgets/MultiLayerSearch/MultiLayerSEarchWidget.swf"/> -->
	</widgetcontainer>
</configuration>