<?xml version="1.0" ?>
<!-- 六盘水 -->
<configuration>
	<style>
		<!--textColor,backgroundColor,rolloverColor,selectionColor,titleColor -->
		<colors>0x000000,0xFFFFFF,0xDDDDDD,0x3E6FBC,0x3E6FBC</colors>
		<navigationcolors>0xFFFFFF,0x3E6FBC,0xDDDDDD,0x3E6FBC,0xFFFFFF</navigationcolors>
		<alpha>0.8</alpha>
		<font name="微软雅黑" size="14" />
	</style>
	
	<arcgisserverip>128.64.151.224:6080</arcgisserverip>
	
	<geometryservice url="http://{serverip}/arcgis/rest/services/Utilities/Geometry/GeometryServer" />

	<!-- UI elements -->
	<widget left="10" top="10" config="widgets/Navigation/NavigationWidget.xml"
		url="widgets/Navigation/NavigationWidget.swf" />
	
	<widget left="3" bottom="3"
		config="widgets/Coordinate/CoordinateWidget.xml" url="widgets/Coordinate/CoordinateWidget.swf" />
		
	<map top="0" initialextent="-11839 2486 6778 19733"
		scalebarvisible="false" esrilogovisible="false"
		doubleclickzoomenabled="true">
		<basemaps>
			<layer label="基础图层" type="tiled" visible="true" 
				url="http://128.64.151.12:8399/arcgis/rest/services/STIC/XXZX_base/MapServer" />
		</basemaps>
		<operationallayers>
			<layer label="发布段" type="dynamic" visible="true" 
				url="http://{serverip}/arcgis/rest/services/baoshan/baoshan_fbd/MapServer">
				<sublayer id="0" popupconfig="popups/BaoShan/Popup-fbd-ksl.xml"/>
				<sublayer id="1" popupconfig="popups/BaoShan/Popup-fbd-dm.xml"/>
			</layer>
			
			<layer label="车辆检测器" type="feature" visible="false" 
				url="http://{serverip}/arcgis/rest/services/baoshan/baoshan_device/MapServer/0"
				popupconfig="popups/BaoShan/PopUp-cjq.xml">
				
				<uniquevaluerenderer field="FSTR_STATE">
					<defaultlabel>未知</defaultlabel>
					<picturemarkersymbol url="assets/images/mapIcons/DuanMian-blue.png" yoffset="13" />

					<uniquevalueinfo value="connect" label="连接">
						<picturemarkersymbol url="assets/images/mapIcons/DuanMian-blue.png" yoffset="13" />
					</uniquevalueinfo>

					<uniquevalueinfo value="disconnect" label="中断">
						<picturemarkersymbol url="assets/images/mapIcons/DuanMian-red.png" yoffset="13" />
					</uniquevalueinfo>

					<uniquevalueinfo value="malfunction" label="异常">
						<picturemarkersymbol url="assets/images/mapIcons/DuanMian-yellow.png" yoffset="13" />
					</uniquevalueinfo>
				</uniquevaluerenderer>
			</layer>
			
			<layer label="信号灯" type="feature" visible="false" 
				url="http://{serverip}/arcgis/rest/services/baoshan/baoshan_device/MapServer/1"
				popupconfig="popups/BaoShan/PopUp-xhd.xml">
				
				<uniquevaluerenderer field="STATE">
					<defaultlabel>未知</defaultlabel>
					<picturemarkersymbol url="assets/images/mapIcons/XinHaoJi-blue.png" yoffset="13" />

					<uniquevalueinfo value="connect" label="连接">
						<picturemarkersymbol url="assets/images/mapIcons/XinHaoJi-blue.png" yoffset="13" />
					</uniquevalueinfo>

					<uniquevalueinfo value="disconnect" label="中断">
						<picturemarkersymbol url="assets/images/mapIcons/XinHaoJi-red.png" yoffset="13" />
					</uniquevalueinfo>

					<uniquevalueinfo value="malfunction" label="异常">
						<picturemarkersymbol url="assets/images/mapIcons/XinHaoJi-yellow.png" yoffset="13" />
					</uniquevalueinfo>
				</uniquevaluerenderer>
			</layer>
			
			<layer label="卡口" type="feature" visible="false" 
				url="http://{serverip}/arcgis/rest/services/baoshan/baoshan_device/MapServer/2"
				popupconfig="popups/BaoShan/PopUp-kk.xml">
				
				<uniquevaluerenderer field="FSTR_STATE">
					<defaultlabel>未知</defaultlabel>
					<picturemarkersymbol url="assets/images/mapIcons/KaKou-blue.png" yoffset="13" />

					<uniquevalueinfo value="connect" label="连接">
						<picturemarkersymbol url="assets/images/mapIcons/KaKou-blue.png" yoffset="13" />
					</uniquevalueinfo>

					<uniquevalueinfo value="disconnect" label="中断">
						<picturemarkersymbol url="assets/images/mapIcons/KaKou-red.png" yoffset="13" />
					</uniquevalueinfo>

					<uniquevalueinfo value="malfunction" label="异常">
						<picturemarkersymbol url="assets/images/mapIcons/KaKou-yellow.png" yoffset="13" />
					</uniquevalueinfo>
				</uniquevaluerenderer>
			</layer>
		</operationallayers>
	</map>
		
	<widgetcontainer layout="fix">
		<widget label="ControlPanel" preload="open" right="20" bottom="20"
			config="widgets/ControlPanel/BaoShan/IconControlPanelWidget-main.xml"
			url="widgets/ControlPanel/IconControlPanelWidget.swf" />
	</widgetcontainer>
</configuration>