<?xml version="1.0"?>
<!--
///////////////////////////////////////////////////////////////////////////
// Copyright (c) 2008-2013 Esri. All Rights Reserved.
//
// Licensed under the Apache License, Version 2.0 (the "License");
// you may not use this file except in compliance with the License.
// You may obtain a copy of the License at
//
//    http://www.apache.org/licenses/LICENSE-2.0
//
// Unless required by applicable law or agreed to in writing, software
// distributed under the License is distributed on an "AS IS" BASIS,
// WITHOUT WARRANTIES OR CONDITIONS OF ANY KIND, either express or implied.
// See the License for the specific language governing permissions and
// limitations under the License.
///////////////////////////////////////////////////////////////////////////
 -->
<configuration>
    <openbydefault>true</openbydefault>
    <icon>assets/images/i_heatmap_icon.png</icon>
    <label>Heat Map</label>
    <description>ArcGIS Viewer for Flex HeatMap widget v3.6.0</description>
    <helpurl>http://www.arcgis.com/home/item.html?id=43daf0ffb1d34e31ad752da1340aeb40</helpurl>
    <widgetversion>3.6.0</widgetversion>
</configuration>
