<?xml version="1.0" ?>
<configuration>
	<title>{MINGCHENG}</title>
	<fields>
		<field name="MINGCHENG" />
		<field name="ANZHUANGWE" alias="位置" visible="true"/>
		<field name="SUOSHUPAIC" alias="派出所" visible="true"/>
		<field name="IP" visible="true"/>
		<field name="JIANYIBIAN" alias="编号" visible="false" />
	</fields>
	<showzoomtobutton>false</showzoomtobutton>
	<buttons>
		<button label="详细信息" action="openDevice" type="SXJ" idfield="JIANYIBIAN" />
	</buttons>
</configuration>
