﻿<?xml version="1.0" ?>
<configuration>
	<style>
		<!--textColor,backgroundColor,rolloverColor,selectionColor,titleColor -->
		<colors>0x000000,0xFFFFFF,0xDDDDDD,0x3E6FBC,0x3E6FBC</colors>
		<navigationcolors>0xFFFFFF,0x3E6FBC,0xDDDDDD,0x3E6FBC,0xFFFFFF
		</navigationcolors>
		<alpha>0.8</alpha>
		<font name="微软雅黑" size="14" />
	</style>

	<!-- <arcgisserverip>172.16.32.29:6080</arcgisserverip> -->
	<!-- <geometryservice -->
	<!-- url="http://{serverip}/arcgis/rest/services/Utilities/Geometry/GeometryServer" -->

	<arcgisserverip>128.64.151.12:8399</arcgisserverip>
	<geometryservice
		url="http://{serverip}/arcgis/rest/services/Geometry/GeometryServer" />

	<!-- UI elements -->
	<widget left="10" top="10" config="widgets/Navigation/NavigationWidget.xml"
		url="widgets/Navigation/NavigationWidget.swf" />

	<!-- <widget left="3" bottom="3" -->
	<!-- config="widgets/Coordinate/CoordinateWidget.xml" url="widgets/Coordinate/CoordinateWidget.swf" 
		/> -->

	<map top="0" scale="250000" center="121.238693 31.044435"
		scalebarvisible="false" esrilogovisible="false">
		<basemaps>
			<layer label="基础图层" type="tiled" visible="true"
				url="http://{serverip}/arcgis/rest/services/songjiang/songjiang_base/MapServer" />
		</basemaps>
		<operationallayers>

		</operationallayers>
	</map>

	<!-- widgets organized into widget containers that manage close/open etc -->
	<!-- supported layout property options: horizontal(default)|float|vertical|fix -->
	<widgetcontainer layout="fix">
		<!-- <widget label="周边搜索" preload="open" -->
		<!-- config="widgets/MultiLayerSearch/SongJiang/BackgroundMultiLayerSearchWidget-roadAndCross.xml" -->
		<!-- url="widgets/MultiLayerSearch/BackgroundMultiLayerSearchWidget.swf" 
			/> -->

		<widget label="新增要素工具栏" preload="open" left="80" top="10"
			config="widgets/EditorToolbar/SongJiang/AddNewGeometryToolbarWidget.xml"
			url="widgets/EditorToolbar/AddNewGeometryToolbarWidget.swf" />

		<widget label="编辑工具栏" left="250" top="10"
			url="widgets/EditorToolbar/EditorToolbarWidget.swf" />

		<widget label="Device" preload="open"
			config="widgets/Overlay/SongJiang/PointOverlayByPageWidget.xml" url="widgets/Overlay/PointOverlayByPageWidget.swf" />
	</widgetcontainer>

	<!-- <widgetcontainer layout="horizontal"> -->
	<!-- <widget label="搜索" preload="minimized" icon="assets/images/i_search.png" -->
	<!-- config="widgets/MultiLayerSearch/WuXi/MultiLayerSearchWidget-poi.xml" -->
	<!-- url="widgets/MultiLayerSearch/MultiLayerSearchWidget.swf" /> -->
	<!-- </widgetcontainer> -->
</configuration>