<?xml version="1.0" ?>
<!-- 清扫车 -->
<configuration>
	<style>
		<!--textColor,backgroundColor,rolloverColor,selectionColor,titleColor -->
		<colors>0x000000,0xFFFFFF,0xDDDDDD,0x3E6FBC,0x3E6FBC</colors>
		<navigationcolors>0xFFFFFF,0x3E6FBC,0xDDDDDD,0x3E6FBC,0xFFFFFF
		</navigationcolors>
		<alpha>0.8</alpha>
		<font name="微软雅黑" size="14" />
	</style>

<!-- 	<arcgisserverip>172.16.32.29:6080</arcgisserverip> -->
<!-- 	<geometryservice url="http://{serverip}/arcgis/rest/services/Utilities/Geometry/GeometryServer"/> -->

	<arcgisserverip>128.64.151.12:8399</arcgisserverip>
	<geometryservice url="http://{serverip}/arcgis/rest/services/Geometry/GeometryServer" />

	<!-- UI elements -->
	<widget left="10" top="10" config="widgets/Navigation/NavigationWidget.xml"
		url="widgets/Navigation/NavigationWidget.swf" />

	<widget left="3" bottom="3" config="widgets/Coordinate/CoordinateWidget.xml" 
		url="widgets/Coordinate/CoordinateWidget.swf" /> 

	<map top="0" scale="250000" center="121.238693 31.044435"
		scalebarvisible="false" esrilogovisible="false">
		<basemaps>
			<layer label="基础图层" type="tiled" visible="true"
				url="http://{serverip}/arcgis/rest/services/songjiang/songjiang_base/MapServer" />
		</basemaps>
		<operationallayers>
			<layer label="清扫任务" type="feature" visible="true" 
				url="http://{serverip}/arcgis/rest/services/songjiang/SongJiang_po/MapServer/0"
				popupconfig="popups/SongJiang/PopUp-QingSaoRenWu.xml">
				
				<uniquevaluerenderer field="RWZT">
					<defaultlabel>未知</defaultlabel>
					<picturemarkersymbol url="assets/images/mapIcons/ShiGong-grey.png" yoffset="13" />

					<uniquevalueinfo value="未执行">
						<picturemarkersymbol url="assets/images/mapIcons/ShiGong-yellow.png" yoffset="13" />
					</uniquevalueinfo>

					<uniquevalueinfo value="进行中">
						<picturemarkersymbol url="assets/images/mapIcons/ShiGong-red.png" yoffset="13" />
					</uniquevalueinfo>

					<uniquevalueinfo value="已结束">
						<picturemarkersymbol url="assets/images/mapIcons/ShiGong-blue.png" yoffset="13" />
					</uniquevalueinfo>
				</uniquevaluerenderer>
			</layer>
		</operationallayers>
	</map>

	<!-- widgets organized into widget containers that manage close/open etc -->
	<!-- supported layout property options: horizontal(default)|float|vertical|fix -->
	<widgetcontainer layout="fix">
		<widget label="清扫车" preload="open"
			config="widgets/Overlay/SongJiang/PointOverlayWidget-QingSaoChe.xml" 
			url="widgets/Overlay/PointOverlayWidget.swf"/>
		
		<widget label="设备" preload="open"
			config="widgets/Overlay/SongJiang/PointOverlayByPageWidget.xml" 
			url="widgets/Overlay/PointOverlayByPageWidget.swf"/>
		
		<widget label="gps节点" preload="open" 
			config="widgets/Overlay/SongJiang/PointOverlayWidget-gpsTrack.xml" 
			url="widgets/Overlay/PointOverlayWidget.swf"/>
		
		<widget label="清扫车轨迹线" preload="open"
			config="widgets/Overlay/SongJiang/PolylineOverlayWidget-gpsTrack-QingSaoChe.xml"
			url="widgets/Overlay/PolylineOverlayWidget.swf" />
		
		<widget label="清扫车模拟移动" preload="open"
			config="widgets/SimulationMovePoint/SongJiang/SimulationMovePointWidget-gpsTrack-QingSaoChe.xml"
			url="widgets/SimulationMovePoint/SimulationMovePointWidget.swf"/>
		
		<widget label="清扫车GpsTrack" preload="open" 
			config="widgets/GPSTrack/SongJiang/GPSTrackWidget-QingSaoChe.xml"
			url="widgets/GPSTrack/GPSTrackWidget.swf"/>
	</widgetcontainer>
</configuration>