<?xml version="1.0" ?>
<!-- 长沙单车轨迹 -->
<configuration>
	<style>
		<!--textColor,backgroundColor,rolloverColor,selectionColor,titleColor -->
		<colors>0x000000,0xFFFFFF,0xDDDDDD,0x3E6FBC,0x3E6FBC</colors>
		<navigationcolors>0xFFFFFF,0x3E6FBC,0xDDDDDD,0x3E6FBC,0xFFFFFF</navigationcolors>
		<alpha>0.8</alpha>
		<font name="微软雅黑" size="14" />
	</style>

	<arcgisserverip>128.64.151.12:8399</arcgisserverip>

	<geometryservice
		url="http://{serverip}/arcgis/rest/services/Geometry/GeometryServer" />

	<!-- UI elements -->
	<widget left="10" top="10" config="widgets/Navigation/NavigationWidget.xml"
			url="widgets/Navigation/NavigationWidget.swf" />
<!-- 	<widget left="3" bottom="3" -->
<!-- 			config="widgets/Coordinate/CoordinateWidget.xml"  -->
<!-- 			url="widgets/Coordinate/CoordinateWidget.swf" /> -->

	<map top="0" center="106.272498 38.468222" scale="24000"
		 scalebarvisible="false" esrilogovisible="false">
		<basemaps>
			<layer label="基础图层" type="tiled" visible="true"
				   url="http://{serverip}/arcgis/rest/services/YinChuan/YinChuan_base/MapServer" />
		</basemaps>
		<operationallayers>
			<layer label="卡口" type="feature" visible="true"
					   url="http://{serverip}/arcgis/rest/services/YinChuan/YinChuan_device/FeatureServer/2"
					   popupconfig="popups/YinChuan/PopUp-kk.xml">

				<uniquevaluerenderer field="STATE">
					<defaultlabel>未知</defaultlabel>
					<picturemarkersymbol url="assets/images/mapIcons/KaKou-grey.png" yoffset="13" />

					<uniquevalueinfo value="connect" label="连接">
						<picturemarkersymbol url="assets/images/mapIcons/KaKou-blue.png" yoffset="13" />
					</uniquevalueinfo>

					<uniquevalueinfo value="disconnect" label="中断">
						<picturemarkersymbol url="assets/images/mapIcons/KaKou-red.png" yoffset="13" />
					</uniquevalueinfo>

					<uniquevalueinfo value="malfunction" label="异常">
						<picturemarkersymbol url="assets/images/mapIcons/KaKou-yellow.png" yoffset="13" />
					</uniquevalueinfo>
				</uniquevaluerenderer>
			</layer>
		</operationallayers>
	</map>

	<!-- widgets organized into widget containers that manage close/open etc -->
	<!-- supported layout property options: horizontal(default)|float|vertical|fix -->
	<widgetcontainer layout="fix">
		<widget label="单车轨迹" preload="open"
				config="widgets/CarTrack/YinChuan/CarTrackWidget.xml"
				url="widgets/CarTrack/CarTrackWidget.swf"/>
		
		<widget label="轨迹线" preload="open"
				config="widgets/Overlay/YinChuan/carTrack/PolylineOverlayWidget-carTrack.xml"
				url="widgets/Overlay/PolylineOverlayWidget.swf" />
		
		<widget label="轨迹起点图标" preload="open"
				config="widgets/Overlay/YinChuan/carTrack/PointOverlayWidget-carTrackStart.xml"
				url="widgets/Overlay/PointOverlayWidget.swf" />
		
		<widget label="轨迹终点图标" preload="open"
				config="widgets/Overlay/YinChuan/carTrack/PointOverlayWidget-carTrackEnd.xml"
				url="widgets/Overlay/PointOverlayWidget.swf" />
		
<!-- 		<widget label="卡口文字"  preload="open" -->
<!-- 				config="widgets/Overlay/ChangSha/carTrack/TextOverlayWidget-carTrack.xml" -->
<!-- 				url="widgets/Overlay/TextOverlayWidget.swf" /> -->
				
<!-- 		<widget label="模拟移动" preload="open" -->
<!-- 				config="widgets/SimulationMovePoint/ChangSha/SimulationMovePointWidget-carTrack.xml" -->
<!-- 				url="widgets/SimulationMovePoint/SimulationMovePointWidget.swf"/> -->
	</widgetcontainer>
</configuration>