<?xml version="1.0" ?>
<configuration>
	<layers>
		<layer>
			<type>车检器</type>
			<url>http://{serverip}/arcgis/rest/services/changsha/changsha_device/MapServer/0</url>
			<idfield>DEVICEID</idfield>
		</layer>
		<layer>
			<type>诱导板</type>
			<url>http://{serverip}/arcgis/rest/services/changsha/changsha_device/MapServer/1</url>
			<idfield>DEVICEID</idfield>
		</layer>
		<layer>
			<type>电子警察</type>
			<url>http://{serverip}/arcgis/rest/services/changsha/changsha_device/MapServer/2</url>
			<idfield>DEVICEID</idfield>
		</layer>
		<layer>
			<type>摄像机</type>
			<url>http://{serverip}/arcgis/rest/services/changsha/changsha_device/MapServer/3</url>
			<idfield>DEVICEID</idfield>
		</layer>
		<layer>
			<type>SCATS</type>
			<url>http://{serverip}/arcgis/rest/services/changsha/changsha_device/MapServer/4</url>
			<idfield>ID</idfield>
		</layer>
		<layer>
			<type>发布段</type>
			<url>http://{serverip}/arcgis/rest/services/changsha/changsha_fbd_db/MapServer/1</url>
			<idfield>SDE.Issuesect.BM_CODE</idfield>
		</layer>
	</layers>
</configuration>