<?xml version="1.0" ?>
<!-- 普陀社会资源页面地图 -->
<configuration>
	<style>
		<!--textColor,backgroundColor,rolloverColor,selectionColor,titleColor -->
		<colors>0x000000,0xFFFFFF,0xDDDDDD,0x3E6FBC,0x3E6FBC</colors>
		<navigationcolors>0xFFFFFF,0x3E6FBC,0xDDDDDD,0x3E6FBC,0xFFFFFF</navigationcolors>
		<alpha>0.8</alpha>
		<font name="微软雅黑" size="14" />
	</style>

	<arcgisserverip>128.64.151.12:8399</arcgisserverip>
	
	<geometryservice
		url="http://{serverip}/arcgis/rest/services/Geometry/GeometryServer" />

	<!-- UI elements -->
	<widget left="10" top="10" 
		   config="widgets/Navigation/NavigationWidget.xml"
		   url="widgets/Navigation/NavigationWidget.swf" />
	
	<map top="0" initialextent="121.3151 31.2159 121.4531 31.3089"
			   scalebarvisible="false" esrilogovisible="false"
			   doubleclickzoomenabled="true">
		<basemaps>
			<layer label="基础图层" type="tiled" visible="true" 
					   url="http://{serverip}/arcgis/rest/services/putuo/pt_base/MapServer" />
		</basemaps>
		<operationallayers>
			
		</operationallayers>
	</map>

	<!-- widgets organized into widget containers that manage close/open etc -->
	<!-- supported layout property options: horizontal(default)|float|vertical|fix -->
	<widgetcontainer layout="float">
		<widget label="" preload="open" right="20" top="20"
				config="widgets/Identify/PuTuo/IdentifyWidget.xml"
				url="widgets/Identify/IdentifyWidget.swf" />
	</widgetcontainer>
</configuration>