<configuration>
	<showbuffersearch>false</showbuffersearch>
	<showgraphicsearch>false</showgraphicsearch>
	<sendresult>false</sendresult>
	
	<layerinfo>
		<find>
			<url>http://128.64.151.12:8399/arcgis/rest/services/chengdu/cd_search/MapServer</url>
			<fields>Name</fields>
		</find>

		<uniquevaluerenderer field="layerName">
			<picturemarkersymbol url="assets/images/i_pushpin_centered.png" />
			
			<uniquevalueinfo value="主要道路">
				<simplelinesymbol color="0x3E6FBC" width="2" />
			</uniquevalueinfo>
			
			<uniquevalueinfo value="次要道路">
				<simplelinesymbol color="0x3E6FBC" width="2" />
			</uniquevalueinfo>
		</uniquevaluerenderer>

		<popups>
			<popup layername="default">
				<title>{Name}</title>
				<fields>
					<field name="Name" />
				</fields>
				<showzoomtobutton>false</showzoomtobutton>
			</popup>
		</popups>
	</layerinfo>
</configuration>