<configuration>
	<type>RoadAndPOI</type>
	
	<showbuffersearch>false</showbuffersearch>
	<showgraphicsearch>true</showgraphicsearch>
	<showtextsearch>true</showtextsearch>
	<showsendresult>false</showsendresult>
	
	<defaultbufferdistance>500</defaultbufferdistance>
	
	<layerinfo>
		<find>
			<url>http://{serverip}/arcgis/rest/services/wuhu/wuhu_search/MapServer</url>
			<fields>NAME,MC</fields>
		</find>

		<uniquevaluerenderer field="layerName">
			<simplemarkersymbol style="circle" color="0xFF0000" size="10"/>
			
			<uniquevalueinfo value="道路">
				<simplelinesymbol color="0x3E6FBC" width="2" />
			</uniquevalueinfo>
		</uniquevaluerenderer>

		<popups>
			<popup layername="default">
				<title>{NAME}</title>
				<fields>
					<field name="NAME" />
				</fields>
				<showzoomtobutton>false</showzoomtobutton>
			</popup>
			
			<popup layername="道路">
				<title>{NAME}</title>
				<fields>
					<field name="NAME" />
				</fields>
				<showzoomtobutton>false</showzoomtobutton>
			</popup>
			
			<popup layername="娱乐场所">
				<title>{MC}</title>
				<fields>
					<field name="MC" />
				</fields>
				<showzoomtobutton>false</showzoomtobutton>
			</popup>
		</popups>
	</layerinfo>
</configuration>