<?xml version="1.0" ?>
<!-- 情报板 -->
<configuration>
	<title>{SDE.MQBB.sbbh}</title>
	<fields>
		<field name="SDE.MQBB.sbbh" />
		<field name="SDE.MQBB.sbms" alias="详细描述：" visible="true" />
		<field name="SDE.MQBB.azsj" alias="安装时间：" visible="true" />
		<field name="SDE.MQBB.azdw" alias="安装单位：" visible="true" />
		<field name="SDE.MQBB.whdw" alias="维护单位：" visible="true" />
		<field name="SDE.MQBB.fzr" alias="负责人：" visible="true" />
		<field name="SDE.MQBB.tel" alias="联系方式：" visible="true" />
		<field name="SDE.MQBB.pp" alias="品牌：" visible="true" />
		<field name="SDE.MQBB.xh" alias="型号：" visible="true" />
		<field name="SDE.MQBB.jg" alias="价格：" visible="true" />
	</fields>
	<showzoomtobutton>false</showzoomtobutton>
	<buttons>
		<button label="详细信息" action="openDevice" type="MFQBB" idfield="SDE.MQBB.sbbh" />
	</buttons>
</configuration>
