<?xml version="1.0" ?>
<!-- 匝道灯 -->
<configuration>
	<title>{SDE.ZDD.sbbh}</title>
	<fields>
		<field name="SDE.ZDD.sbbh" />
		<field name="SDE.ZDD.sbms" alias="详细描述：" visible="true" />
		<field name="SDE.ZDD.azsj" alias="安装时间：" visible="true" />
		<field name="SDE.ZDD.azdw" alias="安装单位：" visible="true" />
		<field name="SDE.ZDD.whdw" alias="维护单位：" visible="true" />
		<field name="SDE.ZDD.fzr" alias="负责人：" visible="true" />
		<field name="SDE.ZDD.tel" alias="联系方式：" visible="true" />
		<field name="SDE.ZDD.pp" alias="品牌：" visible="true" />
		<field name="SDE.ZDD.xh" alias="型号：" visible="true" />
		<field name="SDE.ZDD.jg" alias="价格：" visible="true" />
	</fields>
	<showzoomtobutton>false</showzoomtobutton>
	<buttons>
		<button label="详细信息" action="openDevice" type="ZDD" idfield="SDE.ZDD.sbbh" />
	</buttons>
</configuration>
