<?xml version="1.0" ?>
<!-- 情报板 -->
<configuration>
	<title>{SDE.LQBB.sbbh}</title>
	<fields>
		<field name="SDE.LQBB.sbbh" />
		<field name="SDE.LQBB.sbms" alias="详细描述：" visible="true" />
		<field name="SDE.LQBB.azsj" alias="安装时间：" visible="true" />
		<field name="SDE.LQBB.azdw" alias="安装单位：" visible="true" />
		<field name="SDE.LQBB.whdw" alias="维护单位：" visible="true" />
		<field name="SDE.LQBB.fzr" alias="负责人：" visible="true" />
		<field name="SDE.LQBB.tel" alias="联系方式：" visible="true" />
		<field name="SDE.LQBB.pp" alias="品牌：" visible="true" />
		<field name="SDE.LQBB.xh" alias="型号：" visible="true" />
		<field name="SDE.LQBB.jg" alias="价格：" visible="true" />
	</fields>
	<showzoomtobutton>false</showzoomtobutton>
	<buttons>
		<button label="详细信息" action="openDevice" type="LQBB" idfield="SDE.LQBB.sbbh" />
	</buttons>
</configuration>
