<?xml version="1.0" ?>
<!-- 区域控制器 -->
<configuration>
	<title>{SDE.JKSB.sbbh}</title>
	<fields>
		<field name="SDE.JKSB.sbbh" />
		<field name="SDE.JKSB.sbms" alias="详细描述：" visible="true" />
		<field name="SDE.JKSB.azsj" alias="安装时间：" visible="true" />
		<field name="SDE.JKSB.azdw" alias="安装单位：" visible="true" />
		<field name="SDE.JKSB.whdw" alias="维护单位：" visible="true" />
		<field name="SDE.JKSB.fzr" alias="负责人：" visible="true" />
		<field name="SDE.JKSB.tel" alias="联系方式：" visible="true" />
		<field name="SDE.JKSB.pp" alias="品牌：" visible="true" />
		<field name="SDE.JKSB.xh" alias="型号：" visible="true" />
		<field name="SDE.JKSB.jg" alias="价格：" visible="true" />
	</fields>
	<showzoomtobutton>false</showzoomtobutton>
	<buttons>
		<button label="详细信息" action="openDevice" type="JKSB" idfield="SDE.JKSB.sbbh" />
	</buttons>
</configuration>
