<?xml version="1.0" ?>
<!-- 摄像机 -->
<configuration>
	<title>{SDE.SXJ.sbbh}</title>
	<fields>
		<field name="SDE.SXJ.sbbh" />
		<field name="SDE.SXJ.sbms" alias="详细描述：" visible="true" />
		<field name="SDE.SXJ.azsj" alias="安装时间：" visible="true" />
		<field name="SDE.SXJ.azdw" alias="安装单位：" visible="true" />
		<field name="SDE.SXJ.whdw" alias="维护单位：" visible="true" />
		<field name="SDE.SXJ.fzr" alias="负责人：" visible="true" />
		<field name="SDE.SXJ.tel" alias="联系方式：" visible="true" />
		<field name="SDE.SXJ.pp" alias="品牌：" visible="true" />
		<field name="SDE.SXJ.xh" alias="型号：" visible="true" />
		<field name="SDE.SXJ.jg" alias="价格：" visible="true" />
	</fields>
	<showzoomtobutton>false</showzoomtobutton>
	<buttons>
		<button label="详细信息" action="openDevice" type="SXJ" idfield="SDE.SXJ.sbbh" />
	</buttons>
</configuration>
