<?xml version="1.0" ?>
<!-- 情报板 -->
<configuration>
	<title>{SDE.AQBB.sbbh}</title>
	<fields>
		<field name="SDE.AQBB.sbbh" />
		<field name="SDE.AQBB.sbms" alias="详细描述：" visible="true" />
		<field name="SDE.AQBB.azsj" alias="安装时间：" visible="true" />
		<field name="SDE.AQBB.azdw" alias="安装单位：" visible="true" />
		<field name="SDE.AQBB.whdw" alias="维护单位：" visible="true" />
		<field name="SDE.AQBB.fzr" alias="负责人：" visible="true" />
		<field name="SDE.AQBB.tel" alias="联系方式：" visible="true" />
		<field name="SDE.AQBB.pp" alias="品牌：" visible="true" />
		<field name="SDE.AQBB.xh" alias="型号：" visible="true" />
		<field name="SDE.AQBB.jg" alias="价格：" visible="true" />
	</fields>
	<showzoomtobutton>false</showzoomtobutton>
	<buttons>
		<button label="详细信息" action="openDevice" type="AQBB" idfield="SDE.AQBB.sbbh" />
	</buttons>
</configuration>
