<?xml version="1.0" ?>
<!-- 拥堵警情派警：按照config-ChangSha2ndPeriod-sendPolice.xml文件进行类似配置 -->
<configuration>
	<style>
		<colors>0x000000,0xFFFFFF,0xDDDDDD,0x3E6FBC,0x3E6FBC</colors>
		<navigationcolors>0xFFFFFF,0x3E6FBC,0xDDDDDD,0x3E6FBC,0xFFFFFF</navigationcolors>
		<alpha>0.8</alpha>
		<font name="微软雅黑" size="14" />
	</style>
	<!-- 内网地址：128.64.151.12:8399；外网地址：jiaotong.seisys.cn:8399 -->
	<arcgisserverip>10.43.2.18:6080</arcgisserverip>
	
	<geometryservice url="http://{serverip}/arcgis/rest/services/Utilities/Geometry/GeometryServer" />
	
	<widget left="10" top="10" 
			config="widgets/Navigation/NavigationWidget.xml" 
			url="widgets/Navigation/NavigationWidget.swf" />
			
	<map top="0" center="112.9894 28.185" scale="96000" 
		 scalebarvisible="false" esrilogovisible="false" doubleclickzoomenabled="false">
		<basemaps>
			<layer label="矢量图" type="tiled" visible="true" 
				   url="http://{serverip}/arcgis/rest/services/changsha/changsha_base_GHY/MapServer" />
			<layer label="航拍图" type="tiled" visible="false"
				url="http://{serverip}/arcgis/rest/services/changsha/changsha_aerial/MapServer" />
			<layer label="卫星图" type="tiled" visible="false"
				url="http://{serverip}/arcgis/rest/services/changsha/changsha_satellite/MapServer" />
		</basemaps>
		<operationallayers>
		</operationallayers>
	</map>
	
	<widgetcontainer layout="fix">
		<widget label="CaseJamOverlay" preload="open" 
				config="widgets/Overlay/Case/DispatchPolice/PointOverlayWidget-CaseJam.xml" 
				url="widgets/Overlay/PointOverlayWidget.swf" />
				
		<widget label="PoliceOverlay" preload="open" 
				config="widgets/Overlay/Case/DispatchPolice/PointOverlayWidget-Police.xml" 
				url="widgets/Overlay/PointOverlayWidget.swf" />
	</widgetcontainer>
	
	<widgetcontainer layout="vertical">
		<widget label="底图切换" preload="open"
				config="widgets\MapSwitcher\MapSwitcherWidget.xml"
				url="widgets\MapSwitcher\MapSwitcherWidget.swf"/>
	</widgetcontainer>
</configuration>