<?xml version="1.0" ?>
<!-- 首页的地图 -->
<configuration>
	<style>
		<!--textColor,backgroundColor,rolloverColor,selectionColor,titleColor -->
		<colors>0x000000,0xFFFFFF,0xDDDDDD,0x3E6FBC,0x3E6FBC</colors>
		<navigationcolors>0xFFFFFF,0x3E6FBC,0xDDDDDD,0x3E6FBC,0xFFFFFF</navigationcolors>
		<alpha>0.8</alpha>
		<font name="微软雅黑" size="14" />
	</style>

	<arcgisserverip>10.43.2.18:6080</arcgisserverip>

	<geometryservice
		url="http://{serverip}/arcgis/rest/services/Utilities/Geometry/GeometryServer" />

	<!-- UI elements -->
	<widget left="10" top="10" config="widgets/Navigation/NavigationWidget.xml"
		url="widgets/Navigation/NavigationWidget.swf" />

<!-- 	<widget left="3" bottom="3" -->
<!-- 		config="widgets/Coordinate/CoordinateWidget.xml" url="widgets/Coordinate/CoordinateWidget.swf" /> -->

	<map top="0" center="112.9894 28.185" scale="96000"
		scalebarvisible="false" esrilogovisible="false">
		<basemaps>
			<layer label="矢量图" type="tiled" visible="true"
				url="http://{serverip}/arcgis/rest/services/changsha/changsha_base_GHY/MapServer" />
			<layer label="航拍图" type="tiled" visible="false"
				url="http://{serverip}/arcgis/rest/services/changsha/changsha_aerial/MapServer" />
			<layer label="卫星图" type="tiled" visible="false"
				url="http://{serverip}/arcgis/rest/services/changsha/changsha_satellite/MapServer" />
		</basemaps>
		<operationallayers>
			<layer label="发布段" type="dynamic" visible="false"
				url="http://{serverip}/arcgis/rest/services/changsha/changsha_fbd_db/MapServer">
				<sublayer id="1" popupconfig="popups/ChangSha/Popup-fbd-db.xml"/>
				<sublayer id="3" popupconfig="popups/ChangSha/Popup-fbd-db.xml"/>
				<sublayer id="5" popupconfig="popups/ChangSha/Popup-fbd-db.xml"/>
				<sublayer id="7" popupconfig="popups/ChangSha/Popup-fbd-db.xml"/>
				<sublayer id="9" popupconfig="popups/ChangSha/Popup-fbd-db.xml"/>
			</layer>

			<layer label="车检器" type="feature" visible="false"
				url="http://{serverip}/arcgis/rest/services/changsha/changsha_device/FeatureServer/0"
				popupconfig="popups/ChangSha/PopUp-cjq.xml">

				<uniquevaluerenderer field="STATE">
					<defaultlabel>未知</defaultlabel>
					<picturemarkersymbol url="assets/images/mapIcons/DuanMian-grey.png"
						height="26" width="22" yoffset="13" />

					<uniquevalueinfo value="connect" label="连接">
						<picturemarkersymbol url="assets/images/mapIcons/DuanMian-blue.png"
							height="26" width="22" yoffset="13" />
					</uniquevalueinfo>

					<uniquevalueinfo value="disconnect" label="中断">
						<picturemarkersymbol url="assets/images/mapIcons/DuanMian-red.png"
							height="26" width="22" yoffset="13" />
					</uniquevalueinfo>

					<uniquevalueinfo value="malfunction" label="异常">
						<picturemarkersymbol url="assets/images/mapIcons/DuanMian-yellow.png"
							height="26" width="22" yoffset="13" />
					</uniquevalueinfo>
				</uniquevaluerenderer>
			</layer>

			<layer label="诱导板" type="feature" visible="false"
				url="http://{serverip}/arcgis/rest/services/changsha/changsha_device/FeatureServer/1"
				popupconfig="popups/ChangSha/PopUp-qbb.xml">

				<uniquevaluerenderer field="STATE">
					<defaultlabel>未知</defaultlabel>
					<picturemarkersymbol url="assets/images/mapIcons/QingBaoBan-grey.png"
						height="26" width="22" yoffset="13" />

					<uniquevalueinfo value="connect" label="连接">
						<picturemarkersymbol url="assets/images/mapIcons/QingBaoBan-blue.png"
							height="26" width="22" yoffset="13" />
					</uniquevalueinfo>

					<uniquevalueinfo value="disconnect" label="中断">
						<picturemarkersymbol url="assets/images/mapIcons/QingBaoBan-red.png"
							height="26" width="22" yoffset="13" />
					</uniquevalueinfo>

					<uniquevalueinfo value="malfunction" label="异常">
						<picturemarkersymbol
							url="assets/images/mapIcons/QingBaoBan-yellow.png" height="26"
							width="22" yoffset="13" />
					</uniquevalueinfo>
				</uniquevaluerenderer>
			</layer>

			<layer label="电子警察" type="feature" visible="false"
				url="http://{serverip}/arcgis/rest/services/changsha/changsha_device/FeatureServer/2"
				popupconfig="popups/ChangSha/PopUp-dzjc.xml">

				<uniquevaluerenderer field="STATE">
					<defaultlabel>未知</defaultlabel>
					<picturemarkersymbol
						url="assets/images/mapIcons/DianZiJingCha-grey.png" height="26"
						width="22" yoffset="13" />

					<uniquevalueinfo value="connect" label="连接">
						<picturemarkersymbol
							url="assets/images/mapIcons/DianZiJingCha-blue.png" height="26"
							width="22" yoffset="13" />
					</uniquevalueinfo>

					<uniquevalueinfo value="disconnect" label="中断">
						<picturemarkersymbol
							url="assets/images/mapIcons/DianZiJingCha-red.png" height="26"
							width="22" yoffset="13" />
					</uniquevalueinfo>

					<uniquevalueinfo value="malfunction" label="异常">
						<picturemarkersymbol
							url="assets/images/mapIcons/DianZiJingCha-yellow.png" height="26"
							width="22" yoffset="13" />
					</uniquevalueinfo>
				</uniquevaluerenderer>
			</layer>

			<layer label="摄像机" type="feature" visible="false"
				url="http://{serverip}/arcgis/rest/services/changsha/changsha_device/FeatureServer/3"
				popupconfig="popups/ChangSha/PopUp-sxj.xml">

				<uniquevaluerenderer field="STATE">
					<defaultlabel>未知</defaultlabel>
					<picturemarkersymbol url="assets/images/mapIcons/SheXiangJi-grey.png"
						height="26" width="22" yoffset="13" />

					<uniquevalueinfo value="connect" label="连接">
						<picturemarkersymbol url="assets/images/mapIcons/SheXiangJi-blue.png"
							height="26" width="22" yoffset="13" />
					</uniquevalueinfo>

					<uniquevalueinfo value="disconnect" label="中断">
						<picturemarkersymbol url="assets/images/mapIcons/SheXiangJi-red.png"
							height="26" width="22" yoffset="13" />
					</uniquevalueinfo>

					<uniquevalueinfo value="malfunction" label="异常">
						<picturemarkersymbol
							url="assets/images/mapIcons/SheXiangJi-yellow.png" height="26"
							width="22" yoffset="13" />
					</uniquevalueinfo>
				</uniquevaluerenderer>
			</layer>

			<layer label="SCATS" type="feature" visible="false"
				url="http://{serverip}/arcgis/rest/services/changsha/changsha_device/FeatureServer/4"
				popupconfig="popups/ChangSha/PopUp-xhj.xml">

				<uniquevaluerenderer field="STATE">
					<defaultlabel>未知</defaultlabel>
					<picturemarkersymbol url="assets/images/mapIcons/XinHaoJi-grey.png"
						height="26" width="22" yoffset="13" />

					<uniquevalueinfo value="connect" label="连接">
						<picturemarkersymbol url="assets/images/mapIcons/XinHaoJi-blue.png"
							height="26" width="22" yoffset="13" />
					</uniquevalueinfo>

					<uniquevalueinfo value="disconnect" label="中断">
						<picturemarkersymbol url="assets/images/mapIcons/XinHaoJi-red.png"
							height="26" width="22" yoffset="13" />
					</uniquevalueinfo>

					<uniquevalueinfo value="malfunction" label="异常">
						<picturemarkersymbol url="assets/images/mapIcons/XinHaoJi-yellow.png"
							height="26" width="22" yoffset="13" />
					</uniquevalueinfo>
				</uniquevaluerenderer>
			</layer>
		</operationallayers>
	</map>

	<!-- widgets organized into widget containers that manage close/open etc -->
	<!-- supported layout property options: horizontal(default)|float|vertical|fix -->
	<widgetcontainer layout="fix">
		<widget label="ControlPanel" preload="open" right="20" bottom="20"
				config="widgets/ControlPanel/ChangSha/IconControlPanelWidget-ChangSha2ndPeriod-main.xml"
				url="widgets/ControlPanel/IconControlPanelWidget.swf" />
				
		<widget label="PoliceOverlay" preload="open"
				config="widgets/Overlay/ChangSha/PointOverlayWidget-police.xml" 
				url="widgets/Overlay/PointOverlayWidget.swf" />

		<widget label="PoliceCarOverlay" preload="open"
				config="widgets/Overlay/ChangSha/PointOverlayWidget-policeCar.xml"
				url="widgets/Overlay/PointOverlayWidget.swf" />

		<widget label="PoliceEventOverlay" preload="open"
				config="widgets/Overlay/ChangSha/PointOverlayWidget-policeEvent.xml"
				url="widgets/Overlay/PointOverlayWidget.swf" />
			
		<widget label="EmergencyPoliceEventOverlay" preload="open"
				config="widgets/Overlay/ChangSha/PointOverlayWidget-emergencyPoliceEvent.xml"
				url="widgets/Overlay/PointOverlayWidget.swf" />

		<widget label="BlockOverlay" preload="open"
				config="widgets/Overlay/ChangSha/PointOverlayWidget-block.xml" 
				url="widgets/Overlay/PointOverlayWidget.swf" />

		<widget label="RoadOccupyOverlay" preload="open"
				config="widgets/Overlay/ChangSha/PointOverlayWidget-roadOccupy.xml"
				url="widgets/Overlay/PointOverlayWidget.swf" />
		
		<widget label="PoliceSentryOverlay" preload="open"
				config="widgets/Overlay/ChangSha/PointOverlayWidget-policeSentry.xml"
				url="widgets/Overlay/PointOverlayWidget.swf" />
		
		<widget label="GetDeviceCoordinate" preload="open" 
				config="widgets/GetDeviceCoordinate/ChangSha/GetDeviceCoordinateWidget.xml"
				url="widgets/GetDeviceCoordinate/GetDeviceCoordinateWidget.swf"/>
		
		<widget label="KKAlertOverlay" preload="open"
				config="widgets/Overlay/ChangSha/PointOverlayWidget-kkAlert.xml"
				url="widgets/Overlay/PointOverlayWidget.swf" />
		
		<widget label="BadWeatherOverlay" preload="open"
				config="widgets/Overlay/ChangSha/PointOverlayWidget-badWeather.xml"
				url="widgets/Overlay/PointOverlayWidget.swf" />
	</widgetcontainer>
	
	<widgetcontainer layout="horizontal">
		<widget label="周边搜索" preload="minimized"
				icon="assets/images/i_search.png"
				config="widgets/MultiLayerSearch/ChangSha/MultiLayerSearchWidget-ChangSha-policeEvent.xml"
				url="widgets/MultiLayerSearch/MultiLayerSearchWidget.swf"/>
	</widgetcontainer>
	
	<widgetcontainer layout="vertical">
		<widget label="底图切换" preload="open"
				config="widgets\MapSwitcher\MapSwitcherWidget.xml"
				url="widgets\MapSwitcher\MapSwitcherWidget.swf"/>
	</widgetcontainer>

	<!-- <widgetcontainer paneltype="left" initialstate="collapsed" size="300"> -->
	<!-- <widget label="Directions" -->
	<!-- config="widgets/Directions/DirectionsWidget.xml" -->
	<!-- url="widgets/Directions/DirectionsWidget.swf"/> -->
	<!-- </widgetcontainer> -->
</configuration>