<?xml version="1.0" ?>
<!-- 首页的地图 -->
<configuration>
	<style>
		<!--textColor,backgroundColor,rolloverColor,selectionColor,titleColor -->
		<colors>0x000000,0xFFFFFF,0xDDDDDD,0x3E6FBC,0x3E6FBC</colors>
		<navigationcolors>0xFFFFFF,0x3E6FBC,0xDDDDDD,0x3E6FBC,0xFFFFFF</navigationcolors>
		<alpha>0.8</alpha>
		<font name="微软雅黑" size="14" />
	</style>

	<arcgisserverip>128.64.151.12:8399</arcgisserverip>

	<geometryservice
		url="http://{serverip}/arcgis/rest/services/Geometry/GeometryServer" />

	<!-- UI elements -->
	<widget left="10" top="10" config="widgets/Navigation/NavigationWidget.xml"
		url="widgets/Navigation/NavigationWidget.swf" />

	<widget left="3" bottom="3"
		config="widgets/Coordinate/CoordinateWidget.xml" url="widgets/Coordinate/CoordinateWidget.swf" />

	<map top="0" initialextent="103.962 30.5946 104.2024 30.7335"
		scalebarvisible="false" esrilogovisible="false">
		<basemaps>
			<layer label="矢量图" type="tiled" visible="true"
				url="http://{serverip}/arcgis/rest/services/chengdu/cd_base_nolabel/MapServer" />
		</basemaps>
		<operationallayers>
			<layer label="注记" type="dynamic" visible="true"
				url="http://{serverip}/arcgis/rest/services/chengdu/cd_anno/MapServer" />
		</operationallayers>
	</map>

	<!-- widgets organized into widget containers that manage close/open etc -->
	<!-- supported layout property options: horizontal(default)|float|vertical|fix -->
	<widgetcontainer layout="fix">
		<widget label="ControlPanel" preload="open" right="20" bottom="20"
				config="widgets/ControlPanel/ChengDu/IconControlPanelWidget-main.xml"
				url="widgets/ControlPanel/IconControlPanelWidget.swf" />
				
		<widget label="PoliceOverlay" preload="open"
				config="widgets/Overlay/ChengDu/PointOverlayWidget-police.xml" 
				url="widgets/Overlay/PointOverlayWidget.swf" />

		<widget label="PoliceCarOverlay" preload="open"
				config="widgets/Overlay/ChengDu/PointOverlayWidget-policeCar.xml"
				url="widgets/Overlay/PointOverlayWidget.swf" />
		
		<widget label="PoliceSentryOverlay" preload="open"
				config="widgets/Overlay/ChengDu/PointOverlayWidget-policeSentry.xml"
				url="widgets/Overlay/PointOverlayWidget.swf" />
	</widgetcontainer>
</configuration>