<?xml version="1.0" ?>
<!-- 单车轨迹卡口点 -->
<configuration>
	<type>carTrackKaKouSymbol</type>
	<!-- 组件打开时通知页面 -->
	<widgetrunnotify></widgetrunnotify>
	<!-- 组件关闭时通知页面 -->
	<widgetclosenotify></widgetclosenotify>
	
	<popup>
		<fields>
        	<field name="url"/>
	    </fields>
		<medias>
			<media type="image" imagesourceurl="{url}"/>
		</medias>
		<showzoomtobutton>false</showzoomtobutton>
	</popup>
	
    <simplerenderer>
		<picturemarkersymbol url="assets/images/mapIcons/KaKou-blue.png" yoffset="13" />
	</simplerenderer>
	
	
</configuration>
