﻿<?xml version="1.0" ?>
<configuration>
	<style>
		<!--textColor,backgroundColor,rolloverColor,selectionColor,titleColor -->
		<colors>0x000000,0xFFFFFF,0xDDDDDD,0x3E6FBC,0x3E6FBC</colors>
		<navigationcolors>0xFFFFFF,0x3E6FBC,0xDDDDDD,0x3E6FBC,0xFFFFFF</navigationcolors>
		<alpha>0.8</alpha>
		<font name="微软雅黑" size="14" />
	</style>

	<arcgisserverip>180.166.184.126:8399</arcgisserverip>

	<geometryservice url="http://{serverip}/arcgis/rest/services/Utilities/Geometry/GeometryServer" />

	<!-- UI elements -->
	<widget left="10" top="10" 
			config="widgets/Navigation/NavigationWidget.xml"
		    url="widgets/Navigation/NavigationWidget.swf" />
		    
<!-- 	<widget left="3" bottom="3" -->
<!-- 			config="widgets/Coordinate/CoordinateWidget.xml"  -->
<!-- 			url="widgets/Coordinate/CoordinateWidget.swf" /> -->

        <map top="0" initialextent="-10436.659 -23091.129 -56029.75 -3787.091"
		scalebarvisible="false" esrilogovisible="false">
	        <basemaps>
			<layer label="基础图层" type="tiled" visible="true"
				   url="http://{serverip}/arcgis/rest/services/huqingping/XXZX_base_road/MapServer" />
		</basemaps>
		<operationallayers>
			
			<layer label="道路摄像机" type="feature" visible="false" 
				   url="http://{serverip}/arcgis/rest/services/huqingping/hqp_device/MapServer/0"
				   popupconfig="popups/HuQingPing/PopUp-default.xml">
				<simplerenderer>
					<picturemarkersymbol url="assets/images/mapIcons/SheXiangJi-blue.png" yoffset="13" />
				</simplerenderer>
			</layer>
			<layer label="车辆检测器" type="feature" visible="false" 
				   url="http://{serverip}/arcgis/rest/services/huqingping/hqp_device/MapServer/1"
				   popupconfig="popups/HuQingPing/PopUp-default.xml">
				<simplerenderer>
					<picturemarkersymbol url="assets/images/mapIcons/DuanMian-blue.png" yoffset="13" />
				</simplerenderer>
			</layer>
			<layer label="大型情报板" type="feature" visible="false" 
				   url="http://{serverip}/arcgis/rest/services/huqingping/hqp_device/MapServer/2"
				   popupconfig="popups/HuQingPing/PopUp-default.xml">
				<simplerenderer>
					<picturemarkersymbol url="assets/images/mapIcons/QingBaoBanA-blue.png" yoffset="13" />
				</simplerenderer>
			</layer>
			<layer label="F型情报板" type="feature" visible="false" 
				   url="http://{serverip}/arcgis/rest/services/huqingping/hqp_device/MapServer/3"
				   popupconfig="popups/HuQingPing/PopUp-default.xml">
				<simplerenderer>
					<picturemarkersymbol url="assets/images/mapIcons/QingBaoBan-blue.png" yoffset="13" />
				</simplerenderer>
			</layer>
			<layer label="可变限速板" type="feature" visible="false" 
				   url="http://{serverip}/arcgis/rest/services/huqingping/hqp_device/MapServer/4"
				   popupconfig="popups/HuQingPing/PopUp-default.xml">
				<simplerenderer>
					<picturemarkersymbol url="assets/images/mapIcons/QingBaoBanS-blue.png" yoffset="13" />
				</simplerenderer>
			</layer>
			<layer label="能见度仪" type="feature" visible="false" 
				   url="http://{serverip}/arcgis/rest/services/huqingping/hqp_device/MapServer/5"
				   popupconfig="popups/HuQingPing/PopUp-default.xml">
				<simplerenderer>
					<picturemarkersymbol url="assets/images/mapIcons/FaBuDuan-blue.png" yoffset="13" />
				</simplerenderer>
			</layer>
			<layer label="广场摄像机" type="feature" visible="false" 
				   url="http://{serverip}/arcgis/rest/services/huqingping/hqp_device/MapServer/6"
				   popupconfig="popups/HuQingPing/PopUp-default.xml">
				<simplerenderer>
					<picturemarkersymbol url="assets/images/mapIcons/SheXiangJi-KeKong-blue.png" yoffset="13" />
				</simplerenderer>
			</layer>
			<layer label="区域控制器" type="feature" visible="false" 
				   url="http://{serverip}/arcgis/rest/services/huqingping/hqp_device/MapServer/7"
				   popupconfig="popups/HuQingPing/PopUp-default.xml">
				<simplerenderer>
					<picturemarkersymbol url="assets/images/mapIcons/XinHaoJi-blue.png" yoffset="13" />
				</simplerenderer>
			</layer>
			
			<layer label="注记图层" type="dynamic" visible="true" 
				   url="http://{serverip}/arcgis/rest/services/huqingping/XXZX_ann/MapServer"/>
		</operationallayers>
	</map>

	<!-- widgets organized into widget containers that manage close/open etc -->
	<!-- supported layout property options: horizontal(default)|float|vertical|fix -->
	<widgetcontainer layout="fix">
		<widget label="Device" preload="open"
			config="widgets/Overlay/WuXi/PointOverlayByPageWidget.xml" 
			url="widgets/Overlay/PointOverlayByPageWidget.swf" />
			
		<widget label="编辑工具栏" preload="open" left="80" top="10"
			url="widgets/EditorToolbar/EditorToolbarWidget.swf"/>
	</widgetcontainer>
</configuration>